Time,UTC,FINKEN_SENSOR_MODEL:acceleration_z,FINKEN_SENSOR_MODEL:acceleration_y,FINKEN_SENSOR_MODEL:acceleration_x,FINKEN_SENSOR_MODEL:velocity_yaw,FINKEN_SENSOR_MODEL:velocity_roll,FINKEN_SENSOR_MODEL:velocity_pitch,FINKEN_SENSOR_MODEL:velocity_z,FINKEN_SENSOR_MODEL:velocity_y,FINKEN_SENSOR_MODEL:velocity_x,FINKEN_SENSOR_MODEL:pos_yaw,FINKEN_SENSOR_MODEL:pos_roll,FINKEN_SENSOR_MODEL:pos_pitch,FINKEN_SENSOR_MODEL:pos_z,FINKEN_SENSOR_MODEL:distance_d_back,FINKEN_SENSOR_MODEL:distance_d_left,FINKEN_SENSOR_MODEL:distance_d_rigth,FINKEN_SENSOR_MODEL:distance_d_front
1.612,14:48:18.612,-9.942383,0.170898,0.051758,-0.015869,0.011475,-0.026367,0.,0.,0.,2.368896,0.00293,0.02124,0.238281,101,44,54,101
1.712,14:48:18.712,-9.841797,0.199219,0.089844,-0.011475,0.016846,-0.028564,0.,0.,0.,2.364502,0.00293,0.021729,0.238281,100,44,60,101
1.812,14:48:18.812,-9.841797,0.199219,0.089844,-0.011475,0.016846,-0.028564,0.,0.,0.,2.364502,0.00293,0.021729,0.238281,100,44,60,101
1.912,14:48:18.912,-9.813477,0.118164,0.089844,-0.016846,0.016846,-0.026367,0.,0.,0.,2.360107,0.00293,0.022461,0.238281,100,44,60,101
2.012,14:48:19.012,-9.894531,0.123047,0.051758,-0.014893,0.010498,-0.028564,0.,0.,0.,2.351074,0.003174,0.023438,0.238281,91,44,52,101
2.112,14:48:19.112,-9.693359,0.137695,0.080078,-0.011475,0.016846,-0.027588,0.,0.,0.,2.34668,0.003174,0.023926,0.238281,91,44,52,101
2.212,14:48:19.212,-9.818359,0.15625,0.056641,-0.014893,0.012695,-0.028564,0.,0.,0.,2.342285,0.003174,0.024414,0.238281,91,44,52,101
2.312,14:48:19.312,-9.770508,0.094727,0.084961,-0.014893,0.013672,-0.025391,0.,0.,0.,2.337891,0.003174,0.024902,0.238281,91,44,52,101
2.412,14:48:19.412,-9.827148,0.137695,0.141602,-0.012695,0.015869,-0.027588,0.,0.,0.,2.333496,0.003174,0.025391,0.238281,91,44,51,101
2.512,14:48:19.512,-9.798828,0.170898,0.132812,-0.011475,0.013672,-0.025391,0.,0.,0.,2.329346,0.003418,0.025879,0.238281,91,44,51,101
2.612,14:48:19.612,-9.798828,0.161133,0.046875,-0.010498,0.014893,-0.026367,0.,0.,0.,2.324951,0.003418,0.026367,0.238281,91,44,51,101
2.712,14:48:19.712,-9.884766,0.094727,0.132812,-0.011475,0.014893,-0.028564,0.,0.,0.,2.320801,0.003418,0.026855,0.238281,89,44,51,101
2.812,14:48:19.812,-9.884766,0.094727,0.132812,-0.011475,0.014893,-0.028564,0.,0.,0.,2.320801,0.003418,0.026855,0.238281,89,44,51,101
2.912,14:48:19.912,-9.827148,0.142578,0.108398,-0.012695,0.009521,-0.027588,0.,0.,0.,2.31665,0.003418,0.027344,0.238281,89,45,51,101
3.012,14:48:20.012,-9.879883,0.118164,0.104492,-0.013672,0.015869,-0.027588,0.,0.,0.,2.30835,0.003418,0.02832,0.238281,87,44,51,101
3.112,14:48:20.112,-9.894531,0.099609,0.089844,-0.015869,0.013672,-0.026367,0.,0.,0.,2.304199,0.003418,0.028809,0.238281,87,44,51,101
3.212,14:48:20.212,-9.894531,0.099609,0.089844,-0.015869,0.013672,-0.026367,0.,0.,0.,2.304199,0.003418,0.028809,0.238281,87,44,51,101
3.312,14:48:20.312,-9.827148,0.099609,0.123047,-0.012695,0.012695,-0.027588,0.,0.,0.,2.292236,0.003418,0.030029,0.238281,87,45,52,101
3.412,14:48:20.412,-9.827148,0.099609,0.123047,-0.012695,0.012695,-0.027588,0.,0.,0.,2.292236,0.003418,0.030029,0.238281,87,45,52,101
3.512,14:48:20.512,-9.827148,0.170898,0.046875,-0.012695,0.010498,-0.023193,0.,0.,0.,2.28833,0.003418,0.030518,0.238281,87,45,52,101
3.612,14:48:20.612,-9.736328,0.222656,0.151367,-0.012695,0.010498,-0.029785,0.,0.,0.,2.284424,0.003418,0.031006,0.238281,88,45,56,101
3.712,14:48:20.712,-9.904297,0.12793,0.046875,-0.014893,0.014893,-0.025391,0.,0.,0.,2.280273,0.003418,0.03125,0.238281,88,44,62,101
3.812,14:48:20.812,-9.904297,0.12793,0.046875,-0.014893,0.014893,-0.025391,0.,0.,0.,2.280273,0.003418,0.03125,0.238281,88,44,62,101
3.912,14:48:20.912,-9.793945,0.104492,0.046875,-0.013672,0.012695,-0.029785,0.,0.,0.,2.276367,0.003418,0.031738,0.238281,88,44,58,101
4.012,14:48:21.012,-10.009766,0.094727,0.099609,-0.011475,0.018066,-0.027588,0.,0.,0.,2.268799,0.003174,0.032715,0.238281,87,44,51,101
4.112,14:48:21.112,-9.774414,0.099609,0.099609,-0.016846,0.016846,-0.028564,0.,0.,0.,2.265137,0.003174,0.032959,0.238281,87,44,51,101
4.212,14:48:21.212,-9.942383,0.113281,0.146484,-0.016846,0.011475,-0.027588,0.,0.,0.,2.261475,0.003174,0.033447,0.238281,87,44,51,101
4.312,14:48:21.312,-9.803711,0.15625,0.075195,-0.015869,0.014893,-0.029785,0.,0.,0.,2.257568,0.003174,0.033936,0.238281,87,44,52,101
4.412,14:48:21.412,-9.803711,0.15625,0.075195,-0.015869,0.014893,-0.029785,0.,0.,0.,2.257568,0.003174,0.033936,0.238281,87,44,52,101
4.512,14:48:21.512,-9.803711,0.094727,0.084961,-0.011475,0.009521,-0.027588,0.,0.,0.,2.246338,0.00293,0.034912,0.238281,87,44,52,101
4.612,14:48:21.612,-9.803711,0.094727,0.084961,-0.011475,0.009521,-0.027588,0.,0.,0.,2.246338,0.00293,0.034912,0.238281,87,44,52,101
4.712,14:48:21.712,-9.660156,0.071289,0.080078,-0.014893,0.012695,-0.025391,0.,0.,0.,2.24292,0.00293,0.0354,0.238281,87,44,52,101
4.812,14:48:21.812,-9.660156,0.071289,0.080078,-0.014893,0.012695,-0.025391,0.,0.,0.,2.24292,0.00293,0.0354,0.238281,87,44,52,101
4.912,14:48:21.912,-9.851562,0.12793,0.051758,-0.011475,0.012695,-0.028564,0.,0.,0.,2.23584,0.002686,0.036133,0.238281,87,44,52,101
5.012,14:48:22.012,-9.870117,0.123047,0.094727,-0.015869,0.014893,-0.027588,0.,0.,0.,2.232422,0.002686,0.036621,0.238281,87,44,51,101
5.112,14:48:22.112,-9.879883,0.166016,0.094727,-0.015869,0.015869,-0.030762,0.,0.,0.,2.229004,0.002686,0.036865,0.238281,87,44,51,101
5.212,14:48:22.212,-10.234375,0.056641,-0.084961,0.195801,0.029785,-0.061523,0.,0.,0.,2.226807,0.001465,0.036377,0.238281,87,44,51,101
5.312,14:48:22.312,-8.462891,-0.123047,-0.711914,0.026367,-0.026367,0.013672,0.,0.,0.,2.223145,0.001953,0.037354,0.238281,87,44,52,101
5.412,14:48:22.412,-10.181641,0.527344,0.697266,-0.051025,0.149902,-0.032959,0.,0.,0.,2.219727,0.002441,0.038086,0.238281,87,45,58,101
5.512,14:48:22.512,-10.219727,0.332031,-0.40332,0.005127,-0.166992,-0.030762,0.,0.,0.,2.216797,0.002197,0.03833,0.238281,87,44,62,101
5.612,14:48:22.612,-10.914062,0.175781,2.279297,-0.030762,0.191406,-0.003174,0.,0.,0.,2.210449,0.001953,0.039062,0.238281,87,44,146,178
5.712,14:48:22.712,-10.914062,0.175781,2.279297,-0.030762,0.191406,-0.003174,0.,0.,0.,2.210449,0.001953,0.039062,0.238281,87,44,146,178
5.812,14:48:22.812,-10.339844,0.883789,0.056641,-0.005127,-0.148926,-0.014893,0.,0.,0.,2.207275,0.001709,0.039551,0.238281,87,44,89,294
5.912,14:48:22.912,-10.339844,0.883789,0.056641,-0.005127,-0.148926,-0.014893,0.,0.,0.,2.207275,0.001709,0.039551,0.238281,87,44,89,294
6.012,14:48:23.012,-8.12793,-0.507812,-1.823242,-0.018066,-0.02002,0.019043,0.,0.,0.,2.204102,0.001465,0.040527,0.238281,87,44,52,216
6.112,14:48:23.112,-10.732422,1.188477,0.336914,-0.018066,-0.114746,-0.080811,0.,0.,0.,2.198242,0.000977,0.040283,0.238281,87,44,60,178
6.212,14:48:23.212,-9.320312,0.217773,-0.693359,-0.023193,-0.184082,-0.043457,0.,0.,0.,2.195312,0.001953,0.040039,0.238281,91,44,54,295
6.312,14:48:23.312,-10.042969,-0.731445,0.517578,-0.00415,0.187256,0.005127,0.,0.,0.,2.192383,0.001709,0.041016,0.238281,98,44,52,217
6.412,14:48:23.412,-10.569336,1.054688,-0.436523,-0.00415,-0.062744,-0.106201,0.,0.,0.,2.189453,0.001221,0.041016,0.238281,94,44,52,102
6.512,14:48:23.512,-9.808594,0.978516,-0.963867,-0.015869,-0.170166,-0.027588,0.,0.,0.,2.186279,0.001465,0.041504,0.238281,88,44,54,101
6.612,14:48:23.612,-9.128906,-0.860352,-0.070312,0.001953,0.187256,0.064697,0.,0.,0.,2.18335,0.000977,0.04248,0.238281,93,44,60,101
6.712,14:48:23.712,-10.085938,-0.175781,1.158203,-0.013672,0.127686,-0.101074,0.,0.,0.,2.18042,0.001221,0.041992,0.238281,102,44,78,101
6.812,14:48:23.812,-10.085938,-0.175781,1.158203,-0.013672,0.127686,-0.101074,0.,0.,0.,2.18042,0.001221,0.041992,0.238281,102,44,78,101
6.912,14:48:23.912,-10.085938,-0.175781,1.158203,-0.013672,0.127686,-0.101074,0.,0.,0.,2.18042,0.001221,0.041992,0.238281,102,44,78,101
7.012,14:48:24.012,-12.326172,-0.422852,0.237305,0.05835,-0.808594,-0.019043,0.,0.,0.,2.182129,0.034668,0.17041,0.222656,88,119,62,217
7.112,14:48:24.112,-8.291016,0.15625,0.693359,0.064697,-0.089355,-0.585205,0.,0.,0.,2.186035,-0.186768,0.007812,0.5625,100,137,128,295
7.212,14:48:24.212,-8.291016,0.15625,0.693359,0.064697,-0.089355,-0.585205,0.,0.,0.,2.186035,-0.186768,0.007812,0.5625,100,137,128,295
7.312,14:48:24.312,-7.500977,1.297852,-0.426758,0.122314,0.352051,3.337158,0.,0.,0.,2.190674,-0.172363,0.023193,0.707031,96,137,145,295
7.412,14:48:24.412,-7.500977,1.297852,-0.426758,0.122314,0.352051,3.337158,0.,0.,0.,2.190674,-0.172363,0.023193,0.707031,96,137,145,295
7.512,14:48:24.512,-7.21875,0.456055,0.469727,0.083008,0.078613,0.489502,0.,0.,0.,2.206787,0.025146,0.050293,0.816406,89,137,145,295
7.612,14:48:24.612,-7.21875,0.456055,0.469727,0.083008,0.078613,0.489502,0.,0.,0.,2.206787,0.025146,0.050293,0.816406,89,137,145,295
7.712,14:48:24.712,-4.480469,0.332031,-2.084961,0.115967,-0.263916,0.491455,0.,0.,0.,2.216309,0.104248,-0.005371,0.925781,80,137,145,295
7.812,14:48:24.812,-4.599609,0.541016,1.001953,0.104248,-0.287109,-0.622559,0.,0.,0.,2.220947,0.063965,-0.023926,1.199219,78,135,146,295
7.912,14:48:24.912,-5.801758,0.113281,3.756836,0.05835,0.022217,-0.000977,0.,0.,0.,2.227051,0.030029,-0.043457,1.296875,69,134,148,295
8.012,14:48:25.012,-17.208984,-0.550781,-0.413086,-0.02002,0.167969,-0.274414,0.,0.,0.,2.230957,0.01123,-0.024658,0.792969,59,133,146,280
8.112,14:48:25.112,-17.505859,0.071289,-0.066406,-0.012695,0.093506,-0.202148,0.,0.,0.,2.22998,0.009033,-0.012939,0.726562,56,135,150,281
8.212,14:48:25.212,-17.505859,0.071289,-0.066406,-0.012695,0.093506,-0.202148,0.,0.,0.,2.22998,0.009033,-0.012939,0.726562,56,135,150,281
8.312,14:48:25.312,-14.255859,-0.161133,2.3125,-0.003174,-0.041504,0.014893,0.,0.,0.,2.228516,0.01001,-0.006348,0.679688,53,137,156,283
8.412,14:48:25.412,-14.255859,-0.161133,2.3125,-0.003174,-0.041504,0.014893,0.,0.,0.,2.228516,0.01001,-0.006348,0.679688,53,137,156,283
8.512,14:48:25.512,-7.59668,-0.341797,-1.111328,0.057373,0.102051,0.04248,0.,0.,0.,2.232422,0.006836,0.031982,1.296875,65,132,137,268
8.612,14:48:25.612,-7.59668,-0.341797,-1.111328,0.057373,0.102051,0.04248,0.,0.,0.,2.232422,0.006836,0.031982,1.296875,65,132,137,268
8.712,14:48:25.712,-10.287109,-0.298828,0.417969,0.029785,0.265869,-0.032959,0.,0.,0.,2.237061,0.003418,0.046631,1.296875,68,132,135,268
8.812,14:48:25.812,-10.287109,-0.298828,0.417969,0.029785,0.265869,-0.032959,0.,0.,0.,2.237061,0.003418,0.046631,1.296875,68,132,135,268
8.912,14:48:25.912,-10.287109,-0.298828,0.417969,0.029785,0.265869,-0.032959,0.,0.,0.,2.237061,0.003418,0.046631,1.296875,68,132,135,268
9.012,14:48:26.012,-10.287109,-0.298828,0.417969,0.029785,0.265869,-0.032959,0.,0.,0.,2.237061,0.003418,0.046631,1.296875,68,132,135,268
9.112,14:48:26.112,-10.287109,-0.298828,0.417969,0.029785,0.265869,-0.032959,0.,0.,0.,2.237061,0.003418,0.046631,1.296875,68,132,135,268
9.212,14:48:26.212,-10.287109,-0.298828,0.417969,0.029785,0.265869,-0.032959,0.,0.,0.,2.237061,0.003418,0.046631,1.296875,68,132,135,268
9.312,14:48:26.312,-10.287109,-0.298828,0.417969,0.029785,0.265869,-0.032959,0.,0.,0.,2.237061,0.003418,0.046631,1.296875,68,132,135,268
9.412,14:48:26.412,-10.306641,0.123047,0.597656,0.036133,-0.047852,-0.072266,0.,0.,0.,2.289307,0.004883,0.078613,1.296875,113,151,144,255
9.512,14:48:26.512,-10.196289,0.166016,-0.935547,0.038086,-0.028564,-0.003174,0.,0.,0.,2.294434,0.00415,0.072266,1.296875,106,152,184,212
9.612,14:48:26.612,-5.633789,14.266602,7.475586,0.383057,8.406006,-7.678223,0.,0.,0.,1.216553,-1.869629,0.892578,0.238281,76,147,112,116
9.712,14:48:26.712,-0.669922,2.276367,1.040039,0.755371,8.344238,-8.663574,0.,0.,0.,0.593506,-3.046631,0.265869,0.890625,78,125,136,23
9.812,14:48:26.812,-0.669922,2.276367,1.040039,0.755371,8.344238,-8.663574,0.,0.,0.,0.593506,-3.046631,0.265869,0.890625,78,125,136,23
9.912,14:48:26.912,-0.669922,2.276367,1.040039,0.755371,8.344238,-8.663574,0.,0.,0.,0.593506,-3.046631,0.265869,0.890625,78,125,136,23
10.012,14:48:27.012,18.932617,-2.029297,-1.756836,1.60791,7.900635,-2.569824,0.,0.,0.,1.880615,-0.677734,0.677734,0.242188,97,67,99,49
10.112,14:48:27.112,2.507812,3.469727,4.160156,2.272949,7.96875,-4.865479,0.,0.,0.,0.675049,-2.200195,0.952148,0.21875,59,118,133,49
10.212,14:48:27.212,2.507812,3.469727,4.160156,2.272949,7.96875,-4.865479,0.,0.,0.,0.675049,-2.200195,0.952148,0.21875,59,118,133,49
10.312,14:48:27.312,84.018555,-31.277344,88.126953,-0.80127,13.101318,-0.529785,0.,0.,0.,0.086182,3.122803,0.31665,1.296875,53,118,186,49
10.412,14:48:27.412,84.018555,-31.277344,88.126953,-0.80127,13.101318,-0.529785,0.,0.,0.,0.086182,3.122803,0.31665,1.296875,53,118,186,49
10.512,14:48:27.512,11.057617,-0.698242,7.893555,1.413086,6.330811,1.243896,0.,0.,0.,0.088135,2.97583,-0.422363,1.296875,49,120,127,195
10.612,14:48:27.612,11.057617,-0.698242,7.893555,1.413086,6.330811,1.243896,0.,0.,0.,0.088135,2.97583,-0.422363,1.296875,49,120,127,195
10.712,14:48:27.712,9.712891,-1.326172,-16.219727,0.564941,-0.128662,0.340332,0.,0.,0.,-0.020752,-3.113037,-0.80835,1.296875,192,168,39,177
10.812,14:48:27.812,9.712891,-1.326172,-16.219727,0.564941,-0.128662,0.340332,0.,0.,0.,-0.020752,-3.113037,-0.80835,1.296875,192,168,39,177
10.912,14:48:27.912,10.541016,-2.519531,-6.525391,0.081787,-3.187256,0.315918,0.,0.,0.,-0.040039,-3.139893,-0.64502,1.296875,192,167,39,102
11.012,14:48:28.012,10.541016,-2.519531,-6.525391,0.081787,-3.187256,0.315918,0.,0.,0.,-0.040039,-3.139893,-0.64502,1.296875,192,167,39,102
11.112,14:48:28.112,9.094727,0.731445,-3.262695,0.217041,-2.760498,1.337646,0.,0.,0.,-0.049561,-3.057861,-0.361328,1.296875,202,167,40,108
11.212,14:48:28.212,9.094727,0.731445,-3.262695,0.217041,-2.760498,1.337646,0.,0.,0.,-0.049561,-3.057861,-0.361328,1.296875,202,167,40,108
11.312,14:48:28.312,9.176758,2.519531,-0.588867,0.164795,-2.868896,-0.015869,0.,0.,0.,-0.032471,-2.975342,-0.074707,1.296875,232,166,42,97
11.412,14:48:28.412,9.176758,2.519531,-0.588867,0.164795,-2.868896,-0.015869,0.,0.,0.,-0.032471,-2.975342,-0.074707,1.296875,232,166,42,97
11.512,14:48:28.512,9.866211,0.285156,2.839844,0.354248,-1.984619,-1.615234,0.,0.,0.,-0.028564,-3.082031,0.173096,1.296875,233,166,43,57
11.612,14:48:28.612,9.205078,-1.939453,4.455078,0.149902,-1.057617,-1.048096,0.,0.,0.,-0.058105,3.049561,0.332031,1.296875,207,166,45,50
11.712,14:48:28.712,8.832031,-1.202148,4.050781,-0.070068,0.545898,0.756592,0.,0.,0.,-0.023193,3.047607,0.340576,1.296875,199,168,46,68
11.812,14:48:28.812,9.142578,0.285156,3.214844,-0.346924,1.24292,1.083252,0.,0.,0.,-0.003174,-3.119385,0.250977,1.296875,200,167,48,74
11.912,14:48:28.912,9.233398,1.967773,1.443359,-0.204102,1.935791,0.066895,0.,0.,0.,0.01709,-3.041016,0.09082,1.296875,200,167,47,75
12.012,14:48:29.012,11.086914,-0.68457,-1.985352,-0.05957,1.644043,-0.844971,0.,0.,0.,0.016357,-3.100586,-0.110352,1.296875,198,167,47,77
12.112,14:48:29.112,9.673828,-0.693359,-2.28418,0.033936,-0.111572,0.449951,0.,0.,0.,0.015381,-3.124756,-0.182617,1.296875,198,169,45,82
12.212,14:48:29.212,10.602539,1.796875,-0.788086,0.054199,-1.423828,0.32666,0.,0.,0.,0.017334,-3.057617,-0.095459,1.296875,200,169,44,76
12.312,14:48:29.312,10.602539,1.796875,-0.788086,0.054199,-1.423828,0.32666,0.,0.,0.,0.017334,-3.057617,-0.095459,1.296875,200,169,44,76
12.412,14:48:29.412,9.660156,0.227539,1.438477,0.061523,-0.8396,-0.881104,0.,0.,0.,0.023438,-3.096436,0.028564,1.296875,203,169,44,52
12.512,14:48:29.512,9.660156,0.227539,1.438477,0.061523,-0.8396,-0.881104,0.,0.,0.,0.023438,-3.096436,0.028564,1.296875,203,169,44,52
12.612,14:48:29.612,8.975586,-0.845703,1.552734,0.00415,0.246826,0.015869,0.,0.,0.,0.024658,3.138672,0.057373,1.296875,209,170,45,53
12.712,14:48:29.712,8.975586,-0.845703,1.552734,0.00415,0.246826,0.015869,0.,0.,0.,0.024658,3.138672,0.057373,1.296875,209,170,45,53
12.812,14:48:29.812,10.158203,0.308594,0.375,-0.029785,1.093994,0.543701,0.,0.,0.,0.025635,-3.101318,-0.015381,1.296875,210,171,47,77
12.912,14:48:29.912,9.866211,0.883789,-1.139648,-0.018066,0.289307,-0.073242,0.,0.,0.,0.023438,-3.072998,-0.094727,1.296875,205,169,49,78
13.012,14:48:30.012,9.879883,0.289062,-0.270508,-0.007324,-0.758545,-0.281982,0.,0.,0.,0.02832,-3.095215,-0.061523,1.296875,203,169,47,57
13.112,14:48:30.112,9.574219,0.071289,0.94043,-0.012695,-0.188232,-0.057373,0.,0.,0.,0.033203,-3.11084,-0.003174,1.296875,200,170,46,49
13.212,14:48:30.212,9.770508,0.255859,0.204102,-0.009521,0.498047,0.105225,0.,0.,0.,0.03418,-3.10376,-0.026123,1.296875,199,171,51,46
13.312,14:48:30.312,9.879883,0.436523,-0.517578,-0.008301,0.034912,0.02002,0.,0.,0.,0.034424,-3.093018,-0.058105,1.296875,199,170,55,45
13.412,14:48:30.412,9.879883,0.436523,-0.517578,-0.008301,0.034912,0.02002,0.,0.,0.,0.034424,-3.093018,-0.058105,1.296875,199,170,55,45
13.512,14:48:30.512,9.741211,0.313477,0.166016,-0.011475,-0.240479,-0.134033,0.,0.,0.,0.037842,-3.098389,-0.038574,1.296875,199,170,50,47
13.612,14:48:30.612,9.741211,0.313477,0.166016,-0.011475,-0.240479,-0.134033,0.,0.,0.,0.037842,-3.098389,-0.038574,1.296875,199,170,50,47
13.712,14:48:30.712,9.693359,0.18457,0.327148,-0.010498,0.120117,-0.014893,0.,0.,0.,0.040527,-3.10498,-0.03125,1.296875,200,170,47,46
13.812,14:48:30.812,9.693359,0.18457,0.327148,-0.010498,0.120117,-0.014893,0.,0.,0.,0.040527,-3.10498,-0.03125,1.296875,200,170,47,46
13.912,14:48:30.912,9.841797,0.365234,-0.174805,-0.011475,0.088135,0.044678,0.,0.,0.,0.041748,-3.098389,-0.04541,1.296875,199,171,45,46
14.012,14:48:31.012,9.841797,0.365234,-0.174805,-0.011475,0.088135,0.044678,0.,0.,0.,0.041748,-3.098389,-0.04541,1.296875,199,171,45,46
14.112,14:48:31.112,9.841797,0.365234,-0.174805,-0.011475,0.088135,0.044678,0.,0.,0.,0.041748,-3.098389,-0.04541,1.296875,199,171,45,46
14.212,14:48:31.212,9.841797,0.365234,-0.174805,-0.011475,0.088135,0.044678,0.,0.,0.,0.041748,-3.098389,-0.04541,1.296875,199,171,45,46
14.312,14:48:31.312,9.808594,0.341797,0.003906,-0.009521,0.051025,0.010498,0.,0.,0.,0.04834,-3.099365,-0.043457,1.296875,200,170,45,46
14.412,14:48:31.412,9.808594,0.341797,0.003906,-0.009521,0.051025,0.010498,0.,0.,0.,0.04834,-3.099365,-0.043457,1.296875,200,170,45,46
14.512,14:48:31.512,9.72168,0.34668,0.080078,-0.010498,-0.025391,-0.062744,0.,0.,0.,0.050537,-3.100098,-0.04248,1.296875,199,171,46,48
14.612,14:48:31.612,9.72168,0.34668,0.080078,-0.010498,-0.025391,-0.062744,0.,0.,0.,0.050537,-3.100098,-0.04248,1.296875,199,171,46,48
14.712,14:48:31.712,9.779297,0.332031,0.008789,-0.008301,0.025391,-0.018066,0.,0.,0.,0.054932,-3.099854,-0.043945,1.296875,200,171,53,46
14.812,14:48:31.812,9.779297,0.332031,0.008789,-0.008301,0.025391,-0.018066,0.,0.,0.,0.054932,-3.099854,-0.043945,1.296875,200,171,53,46
14.912,14:48:31.912,9.770508,0.237305,0.056641,-0.010498,-0.005127,-0.043457,0.,0.,0.,0.057373,-3.101318,-0.043213,1.296875,203,171,53,47
15.012,14:48:32.012,9.760742,0.237305,0.089844,-0.009521,0.025391,-0.012695,0.,0.,0.,0.05957,-3.101318,-0.043213,1.296875,203,171,47,49
15.112,14:48:32.112,9.832031,0.332031,0.037109,-0.009521,0.010498,-0.030762,0.,0.,0.,0.061523,-3.10083,-0.044678,1.296875,205,171,45,49
15.212,14:48:32.212,9.832031,0.332031,0.037109,-0.009521,0.010498,-0.030762,0.,0.,0.,0.061523,-3.10083,-0.044678,1.296875,205,171,45,49
15.312,14:48:32.312,9.851562,0.255859,0.061523,-0.010498,0.005127,-0.029785,0.,0.,0.,0.063721,-3.101807,-0.044189,1.296875,203,170,45,49
15.412,14:48:32.412,9.851562,0.255859,0.061523,-0.010498,0.005127,-0.029785,0.,0.,0.,0.063721,-3.101807,-0.044189,1.296875,203,170,45,49
15.512,14:48:32.512,9.856445,0.323242,-0.003906,-0.012695,0.025391,-0.02124,0.,0.,0.,0.065918,-3.101562,-0.044678,1.296875,201,170,45,48
15.612,14:48:32.612,9.746094,0.313477,0.008789,-0.007324,0.007324,-0.029785,0.,0.,0.,0.068359,-3.101807,-0.045654,1.296875,203,170,48,48
15.712,14:48:32.712,9.770508,0.285156,0.061523,-0.010498,0.015869,-0.023193,0.,0.,0.,0.070557,-3.102051,-0.045166,1.296875,206,170,48,46
15.812,14:48:32.812,9.78418,0.270508,0.02832,-0.010498,0.02002,-0.025391,0.,0.,0.,0.072754,-3.102051,-0.046143,1.296875,202,170,48,45
15.912,14:48:32.912,9.72168,0.323242,0.104492,-0.010498,0.012695,-0.029785,0.,0.,0.,0.074951,-3.102295,-0.046387,1.296875,200,170,50,48
16.012,14:48:33.012,9.770508,0.260742,0.066406,-0.009521,0.016846,-0.024414,0.,0.,0.,0.076904,-3.102295,-0.046387,1.296875,200,170,56,50
16.112,14:48:33.112,9.750977,0.242188,0.070312,-0.009521,0.011475,-0.029785,0.,0.,0.,0.079346,-3.102539,-0.047119,1.296875,200,170,55,50
16.212,14:48:33.212,9.750977,0.242188,0.070312,-0.009521,0.011475,-0.029785,0.,0.,0.,0.079346,-3.102539,-0.047119,1.296875,200,170,55,50
16.312,14:48:33.312,9.789062,0.24707,0.099609,-0.010498,0.009521,-0.024414,0.,0.,0.,0.081543,-3.102783,-0.047119,1.296875,200,170,46,50
16.412,14:48:33.412,9.789062,0.24707,0.099609,-0.010498,0.009521,-0.024414,0.,0.,0.,0.081543,-3.102783,-0.047119,1.296875,200,170,46,50
16.512,14:48:33.512,9.755859,0.255859,0.018555,-0.012695,0.016846,-0.025391,0.,0.,0.,0.08374,-3.102783,-0.047607,1.296875,200,170,44,47
16.612,14:48:33.612,9.755859,0.255859,0.018555,-0.012695,0.016846,-0.025391,0.,0.,0.,0.08374,-3.102783,-0.047607,1.296875,200,170,44,47
16.712,14:48:33.712,9.808594,0.318359,0.118164,-0.008301,0.013672,-0.027588,0.,0.,0.,0.085938,-3.103027,-0.047852,1.296875,200,170,44,45
16.812,14:48:33.812,9.808594,0.318359,0.118164,-0.008301,0.013672,-0.027588,0.,0.,0.,0.085938,-3.103027,-0.047852,1.296875,200,170,44,45
16.912,14:48:33.912,9.774414,0.265625,0.066406,-0.010498,0.014893,-0.023193,0.,0.,0.,0.088135,-3.103271,-0.048096,1.296875,200,170,43,46
17.012,14:48:34.012,9.774414,0.265625,0.066406,-0.010498,0.014893,-0.023193,0.,0.,0.,0.088135,-3.103271,-0.048096,1.296875,200,170,43,46
17.112,14:48:34.112,9.827148,0.313477,0.018555,-0.011475,0.016846,-0.02002,0.,0.,0.,0.090332,-3.103516,-0.048584,1.296875,199,170,42,48
17.212,14:48:34.212,9.808594,0.275391,0.12793,-0.013672,0.010498,-0.027588,0.,0.,0.,0.092773,-3.103516,-0.048828,1.296875,199,170,41,48
17.312,14:48:34.312,9.774414,0.227539,0.013672,-0.013672,0.013672,-0.024414,0.,0.,0.,0.094971,-3.10376,-0.049072,1.296875,198,170,40,49
17.412,14:48:34.412,9.798828,0.232422,0.089844,-0.010498,0.015869,-0.026367,0.,0.,0.,0.097412,-3.10376,-0.049561,1.296875,198,171,39,49
17.512,14:48:34.512,9.736328,0.308594,0.008789,-0.009521,0.014893,-0.027588,0.,0.,0.,0.099609,-3.104004,-0.049805,1.296875,201,170,39,49
17.612,14:48:34.612,9.750977,0.232422,0.051758,-0.010498,0.013672,-0.025391,0.,0.,0.,0.101807,-3.104248,-0.050049,1.296875,203,170,39,46
17.712,14:48:34.712,9.708008,0.293945,0.013672,-0.009521,0.012695,-0.027588,0.,0.,0.,0.104248,-3.104248,-0.050537,1.296875,200,170,39,44
17.812,14:48:34.812,9.688477,0.265625,0.132812,-0.010498,0.012695,-0.027588,0.,0.,0.,0.106445,-3.104492,-0.050537,1.296875,197,172,38,57
17.912,14:48:34.912,9.688477,0.265625,0.132812,-0.010498,0.012695,-0.027588,0.,0.,0.,0.106445,-3.104492,-0.050537,1.296875,197,172,38,57
18.012,14:48:35.012,9.798828,0.255859,0.070312,-0.009521,0.013672,-0.027588,0.,0.,0.,0.108887,-3.104736,-0.051025,1.296875,197,171,38,61
18.112,14:48:35.112,9.798828,0.255859,0.070312,-0.009521,0.013672,-0.027588,0.,0.,0.,0.108887,-3.104736,-0.051025,1.296875,197,171,38,61
18.212,14:48:35.212,9.760742,0.217773,0.056641,-0.010498,0.012695,-0.025391,0.,0.,0.,0.111084,-3.10498,-0.05127,1.296875,197,171,38,49
18.312,14:48:35.312,9.760742,0.217773,0.056641,-0.010498,0.012695,-0.025391,0.,0.,0.,0.111084,-3.10498,-0.05127,1.296875,197,171,38,49
18.412,14:48:35.412,9.741211,0.265625,0.070312,-0.011475,0.012695,-0.029785,0.,0.,0.,0.118164,-3.105469,-0.052002,1.296875,195,172,40,47
18.512,14:48:35.512,9.741211,0.265625,0.070312,-0.011475,0.012695,-0.029785,0.,0.,0.,0.118164,-3.105469,-0.052002,1.296875,195,172,40,47
18.612,14:48:35.612,9.669922,0.313477,0.033203,-0.010498,0.013672,-0.025391,0.,0.,0.,0.120361,-3.105469,-0.052246,1.296875,195,172,40,49
18.712,14:48:35.712,9.669922,0.313477,0.033203,-0.010498,0.013672,-0.025391,0.,0.,0.,0.120361,-3.105469,-0.052246,1.296875,195,172,40,49
18.812,14:48:35.812,9.818359,0.293945,0.075195,-0.010498,0.013672,-0.026367,0.,0.,0.,0.122803,-3.105713,-0.05249,1.296875,195,172,41,50
18.912,14:48:35.912,9.818359,0.293945,0.075195,-0.010498,0.013672,-0.026367,0.,0.,0.,0.122803,-3.105713,-0.05249,1.296875,195,172,41,50
19.012,14:48:36.012,9.856445,0.293945,0.113281,-0.012695,0.012695,-0.024414,0.,0.,0.,0.125,-3.105957,-0.052734,1.296875,196,172,41,50
19.112,14:48:36.112,9.856445,0.293945,0.113281,-0.012695,0.012695,-0.024414,0.,0.,0.,0.125,-3.105957,-0.052734,1.296875,196,172,41,50
19.212,14:48:36.212,9.813477,0.237305,0.061523,-0.011475,0.014893,-0.025391,0.,0.,0.,0.127441,-3.105957,-0.052979,1.296875,196,173,43,50
19.312,14:48:36.312,9.813477,0.237305,0.061523,-0.011475,0.014893,-0.025391,0.,0.,0.,0.127441,-3.105957,-0.052979,1.296875,196,173,43,50
19.412,14:48:36.412,9.884766,0.370117,0.061523,-0.012695,0.010498,-0.028564,0.,0.,0.,0.129883,-3.106201,-0.053223,1.296875,195,174,44,50
19.512,14:48:36.512,9.884766,0.370117,0.061523,-0.012695,0.010498,-0.028564,0.,0.,0.,0.129883,-3.106201,-0.053223,1.296875,195,174,44,50
19.612,14:48:36.612,9.779297,0.260742,0.033203,-0.010498,0.018066,-0.026367,0.,0.,0.,0.13208,-3.106445,-0.053467,1.296875,195,172,45,50
19.712,14:48:36.712,9.736328,0.332031,0.056641,-0.008301,0.014893,-0.023193,0.,0.,0.,0.134521,-3.106445,-0.053711,1.296875,195,171,46,50
19.812,14:48:36.812,9.755859,0.293945,0.075195,-0.009521,0.011475,-0.023193,0.,0.,0.,0.139404,-3.106934,-0.054199,1.296875,196,171,49,46
19.912,14:48:36.912,9.770508,0.318359,-0.008789,-0.011475,0.012695,-0.026367,0.,0.,0.,0.141602,-3.106934,-0.054443,1.296875,196,172,51,45
20.012,14:48:37.012,9.875,0.303711,0.104492,-0.012695,0.016846,-0.029785,0.,0.,0.,0.144043,-3.107178,-0.054688,1.296875,196,174,47,45
20.112,14:48:37.112,9.866211,0.232422,0.037109,-0.013672,0.014893,-0.027588,0.,0.,0.,0.146484,-3.107422,-0.054932,1.296875,196,175,45,45
20.212,14:48:37.212,9.755859,0.293945,0.033203,-0.010498,0.013672,-0.029785,0.,0.,0.,0.148926,-3.107422,-0.055176,1.296875,194,176,45,45
20.312,14:48:37.312,9.808594,0.303711,0.066406,-0.010498,0.012695,-0.026367,0.,0.,0.,0.151367,-3.107666,-0.055176,1.296875,193,174,45,45
20.412,14:48:37.412,9.879883,0.260742,0.094727,-0.010498,0.011475,-0.027588,0.,0.,0.,0.153809,-3.10791,-0.05542,1.296875,193,174,45,45
20.512,14:48:37.512,9.879883,0.260742,0.094727,-0.010498,0.011475,-0.027588,0.,0.,0.,0.153809,-3.10791,-0.05542,1.296875,193,174,45,45
20.612,14:48:37.612,9.870117,0.313477,0.089844,-0.010498,0.013672,-0.026367,0.,0.,0.,0.15625,-3.10791,-0.055664,1.296875,194,217,46,46
20.712,14:48:37.712,9.870117,0.313477,0.089844,-0.010498,0.013672,-0.026367,0.,0.,0.,0.15625,-3.10791,-0.055664,1.296875,194,217,46,46
20.812,14:48:37.812,9.870117,0.313477,0.089844,-0.010498,0.013672,-0.026367,0.,0.,0.,0.15625,-3.10791,-0.055664,1.296875,194,217,46,46
20.912,14:48:37.912,9.808594,0.351562,0.041992,-0.009521,0.013672,-0.027588,0.,0.,0.,0.163574,-3.108398,-0.056152,1.296875,192,179,43,47
21.012,14:48:38.012,9.803711,0.222656,0.066406,-0.009521,0.012695,-0.025391,0.,0.,0.,0.166016,-3.108643,-0.056152,1.296875,192,179,43,47
21.112,14:48:38.112,9.741211,0.308594,0.099609,-0.012695,0.010498,-0.02124,0.,0.,0.,0.168457,-3.108887,-0.056396,1.296875,191,178,43,48
21.212,14:48:38.212,9.818359,0.275391,0.094727,-0.011475,0.014893,-0.028564,0.,0.,0.,0.170898,-3.108887,-0.056641,1.296875,190,176,43,48
21.312,14:48:38.312,9.875,0.242188,0.037109,-0.011475,0.014893,-0.024414,0.,0.,0.,0.173584,-3.109131,-0.056641,1.296875,190,175,44,49
21.412,14:48:38.412,9.875,0.242188,0.037109,-0.011475,0.014893,-0.024414,0.,0.,0.,0.173584,-3.109131,-0.056641,1.296875,190,175,44,49
21.512,14:48:38.512,9.669922,0.237305,0.075195,-0.011475,0.012695,-0.028564,0.,0.,0.,0.181152,-3.109619,-0.057129,1.296875,190,172,46,47
21.612,14:48:38.612,9.669922,0.237305,0.075195,-0.011475,0.012695,-0.028564,0.,0.,0.,0.181152,-3.109619,-0.057129,1.296875,190,172,46,47
21.712,14:48:38.712,9.774414,0.255859,0.066406,-0.009521,0.018066,-0.026367,0.,0.,0.,0.183594,-3.109619,-0.057129,1.296875,191,172,46,49
21.812,14:48:38.812,9.741211,0.251953,0.,-0.008301,0.010498,-0.027588,0.,0.,0.,0.193848,-3.110352,-0.057617,1.296875,190,171,42,47
21.912,14:48:38.912,9.741211,0.251953,0.,-0.008301,0.010498,-0.027588,0.,0.,0.,0.193848,-3.110352,-0.057617,1.296875,190,171,42,47
22.012,14:48:39.012,9.975586,0.298828,0.123047,-0.009521,0.015869,-0.026367,0.,0.,0.,0.196289,-3.110596,-0.057861,1.296875,190,171,41,47
22.112,14:48:39.112,9.975586,0.298828,0.123047,-0.009521,0.015869,-0.026367,0.,0.,0.,0.196289,-3.110596,-0.057861,1.296875,190,171,41,47
22.212,14:48:39.212,9.774414,0.242188,0.041992,-0.008301,0.018066,-0.027588,0.,0.,0.,0.198975,-3.110596,-0.057861,1.296875,190,171,41,48
22.312,14:48:39.312,9.774414,0.242188,0.041992,-0.008301,0.018066,-0.027588,0.,0.,0.,0.198975,-3.110596,-0.057861,1.296875,190,171,41,48
22.412,14:48:39.412,9.765625,0.303711,0.023438,-0.009521,0.012695,-0.025391,0.,0.,0.,0.20166,-3.11084,-0.058105,1.296875,190,171,44,47
22.512,14:48:39.512,9.9375,0.255859,0.056641,-0.011475,0.013672,-0.030762,0.,0.,0.,0.204102,-3.11084,-0.058105,1.296875,190,170,50,47
22.612,14:48:39.612,9.78418,0.389648,0.080078,-0.008301,0.013672,-0.026367,0.,0.,0.,0.206787,-3.11084,-0.058105,1.296875,190,170,55,48
22.712,14:48:39.712,9.808594,0.289062,0.008789,-0.008301,0.011475,-0.028564,0.,0.,0.,0.209473,-3.111084,-0.058105,1.296875,192,170,64,49
22.812,14:48:39.812,9.770508,0.260742,0.080078,-0.011475,0.013672,-0.023193,0.,0.,0.,0.211914,-3.111084,-0.05835,1.296875,194,170,63,49
22.912,14:48:39.912,9.808594,0.360352,0.023438,-0.008301,0.006348,-0.025391,0.,0.,0.,0.2146,-3.111328,-0.058594,1.296875,193,169,58,49
23.012,14:48:40.012,9.832031,0.237305,0.070312,-0.010498,0.012695,-0.027588,0.,0.,0.,0.217285,-3.111572,-0.058594,1.296875,193,169,48,77
23.112,14:48:40.112,9.818359,0.275391,0.041992,-0.009521,0.015869,-0.02124,0.,0.,0.,0.219971,-3.111572,-0.058838,1.296875,191,172,34,96
23.212,14:48:40.212,9.78418,0.351562,0.070312,-0.010498,0.013672,-0.026367,0.,0.,0.,0.222656,-3.111816,-0.058838,1.296875,191,177,33,63
23.312,14:48:40.312,9.899414,0.370117,0.066406,-0.011475,0.014893,-0.026367,0.,0.,0.,0.225342,-3.111816,-0.058838,1.296875,192,177,32,42
23.412,14:48:40.412,9.741211,0.275391,0.070312,-0.008301,0.012695,-0.025391,0.,0.,0.,0.228027,-3.112061,-0.059082,1.296875,194,179,32,73
23.512,14:48:40.512,9.808594,0.370117,0.108398,-0.011475,0.011475,-0.023193,0.,0.,0.,0.230713,-3.112061,-0.059082,1.296875,192,175,34,83
23.612,14:48:40.612,9.693359,0.289062,0.02832,-0.010498,0.015869,-0.028564,0.,0.,0.,0.233398,-3.112305,-0.059082,1.296875,193,170,35,49
23.712,14:48:40.712,9.96582,0.280273,0.075195,-0.007324,0.009521,-0.02002,0.,0.,0.,0.236084,-3.112305,-0.059326,1.296875,197,170,38,49
23.812,14:48:40.812,9.894531,0.142578,-0.013672,-0.012695,0.022217,-0.030762,0.,0.,0.,0.239014,-3.112549,-0.059326,1.296875,197,172,36,82
23.912,14:48:40.912,9.645508,0.222656,0.108398,-0.010498,0.019043,-0.029785,0.,0.,0.,0.244385,-3.112793,-0.059326,1.296875,191,170,35,57
24.012,14:48:41.012,9.750977,0.313477,0.066406,-0.011475,0.010498,-0.025391,0.,0.,0.,0.247314,-3.113037,-0.05957,1.296875,193,172,40,46
24.112,14:48:41.112,9.741211,0.289062,0.099609,-0.011475,0.014893,-0.028564,0.,0.,0.,0.25,-3.113037,-0.05957,1.296875,194,177,38,40
24.212,14:48:41.212,9.750977,0.303711,-0.008789,-0.010498,0.018066,-0.026367,0.,0.,0.,0.25293,-3.113281,-0.059814,1.296875,194,174,36,49
24.312,14:48:41.312,9.688477,0.298828,0.061523,-0.009521,0.010498,-0.026367,0.,0.,0.,0.255615,-3.113281,-0.059814,1.296875,194,170,37,83
24.412,14:48:41.412,9.726562,0.308594,0.123047,-0.010498,0.019043,-0.029785,0.,0.,0.,0.258301,-3.113525,-0.059814,1.296875,195,170,38,94
24.512,14:48:41.512,9.841797,0.327148,0.080078,-0.011475,0.011475,-0.022217,0.,0.,0.,0.26123,-3.11377,-0.059814,0.390625,196,170,34,94
24.612,14:48:41.612,9.119141,-0.242188,-0.393555,-0.000977,-0.106201,0.040283,0.,0.,0.,0.263916,-3.11377,-0.058594,0.242188,196,170,32,84
24.712,14:48:41.712,8.754883,1.202148,0.745117,0.005127,-0.066895,-0.226562,0.,0.,0.,0.268066,-3.103516,-0.035889,0.242188,197,171,30,56
24.812,14:48:41.812,8.754883,1.202148,0.745117,0.005127,-0.066895,-0.226562,0.,0.,0.,0.268066,-3.103516,-0.035889,0.242188,197,171,30,56
24.912,14:48:41.912,10.689453,0.118164,-0.204102,-0.052002,-0.217041,0.428711,0.,0.,0.,0.270752,-3.102539,-0.043945,0.242188,197,191,30,46
25.012,14:48:42.012,10.488281,0.232422,1.637695,-0.354248,0.348877,-0.154297,0.,0.,0.,0.185303,-3.060547,-0.037842,0.242188,198,185,33,45
25.112,14:48:42.112,10.488281,0.232422,1.637695,-0.354248,0.348877,-0.154297,0.,0.,0.,0.185303,-3.060547,-0.037842,0.242188,198,185,33,45
25.212,14:48:42.212,10.488281,0.232422,1.637695,-0.354248,0.348877,-0.154297,0.,0.,0.,0.185303,-3.060547,-0.037842,0.242188,198,185,33,45
25.312,14:48:42.312,6.260742,-0.588867,5.086914,-1.783447,-4.784668,-2.161377,0.,0.,0.,0.607422,-3.122803,0.559326,0.242188,202,114,32,44
25.412,14:48:42.412,4.729492,0.046875,9.394531,-2.245361,-5.213379,-1.9729,0.,0.,0.,0.951172,-3.071045,1.041504,0.242188,204,146,30,58
25.512,14:48:42.512,4.729492,0.046875,9.394531,-2.245361,-5.213379,-1.9729,0.,0.,0.,0.951172,-3.071045,1.041504,0.242188,204,146,30,58
25.612,14:48:42.612,2.737305,1.520508,8.958008,-0.67041,-5.047363,-0.353271,0.,0.,0.,2.545898,-1.650146,1.404053,0.242188,148,168,28,79
25.712,14:48:42.712,2.737305,1.520508,8.958008,-0.67041,-5.047363,-0.353271,0.,0.,0.,2.545898,-1.650146,1.404053,0.242188,148,168,28,79
25.812,14:48:42.812,-4.302734,-0.636719,7.875,0.328613,-1.843018,0.060547,0.,0.,0.,-2.152832,-0.116699,0.908936,0.242188,68,168,106,269
25.912,14:48:42.912,-9.78418,-0.255859,7.755859,0.224365,-1.003418,-0.633057,0.,0.,0.,-2.098633,-0.105469,0.740967,0.242188,71,168,159,175
26.012,14:48:43.012,-7.850586,0.959961,6.283203,0.921387,-1.016113,0.635254,0.,0.,0.,-2.076172,-0.099854,0.656006,0.242188,62,168,168,34
26.112,14:48:43.112,-8.702148,-0.303711,6.435547,-0.394775,1.251465,0.131836,0.,0.,0.,-2.011475,-0.000244,0.67749,0.242188,50,168,161,32
26.212,14:48:43.212,-13.388672,0.598633,6.649414,0.426514,-1.783447,0.077637,0.,0.,0.,-2.025879,-0.087402,0.601074,0.242188,49,168,104,29
26.312,14:48:43.312,-8.027344,-1.392578,4.44043,-0.005127,-2.892334,0.121094,0.,0.,0.,-2.,-0.025391,0.381104,0.203125,52,168,98,29
26.412,14:48:43.412,-10.483398,-3.907227,-0.731445,0.226562,-1.766357,1.51001,0.,0.,0.,-2.011719,0.036621,0.086182,0.238281,57,168,96,28
26.512,14:48:43.512,-12.029297,-1.064453,-0.517578,0.072266,1.167236,-1.903809,0.,0.,0.,-2.023193,-0.013672,0.088135,0.25,54,168,96,28
26.612,14:48:43.612,-9.34375,1.84375,1.466797,0.003174,-0.630859,1.113037,0.,0.,0.,-2.036865,-0.065674,0.107178,0.25,51,168,92,27
26.712,14:48:43.712,-10.330078,-0.764648,0.375,-0.030762,0.479736,-0.902344,0.,0.,0.,-2.043701,-0.02124,0.088867,0.25,50,168,81,26
26.812,14:48:43.812,-10.330078,-0.764648,0.375,-0.030762,0.479736,-0.902344,0.,0.,0.,-2.043701,-0.02124,0.088867,0.25,50,168,81,26
26.912,14:48:43.912,-9.90918,0.113281,0.099609,0.000977,-0.172363,0.493652,0.,0.,0.,-2.055908,-0.040527,0.092529,0.25,50,168,81,26
27.012,14:48:44.012,-9.803711,-0.327148,0.332031,-0.009521,0.046631,-0.067871,0.,0.,0.,-2.076904,-0.034424,0.092041,0.25,48,168,96,26
27.112,14:48:44.112,-9.832031,0.237305,0.327148,-0.008301,0.00415,0.093506,0.,0.,0.,-2.088135,-0.039307,0.091797,0.25,48,168,96,26
27.212,14:48:44.212,-9.78418,0.489258,0.336914,-0.011475,0.,-0.051025,0.,0.,0.,-2.099121,-0.040527,0.092041,0.25,48,168,92,37
27.312,14:48:44.312,-9.836914,0.208984,0.413086,-0.011475,0.014893,-0.067871,0.,0.,0.,-2.109375,-0.038818,0.092041,0.25,48,168,80,45
27.412,14:48:44.412,-9.84668,0.123047,0.370117,-0.009521,0.022217,-0.007324,0.,0.,0.,-2.120117,-0.039062,0.091553,0.25,49,168,65,42
27.512,14:48:44.512,-9.870117,0.285156,0.341797,0.00415,0.022217,-0.015869,0.,0.,0.,-2.130615,-0.040283,0.091064,0.25,49,168,32,41
27.612,14:48:44.612,-9.813477,0.232422,0.355469,-0.012695,0.011475,-0.036133,0.,0.,0.,-2.141113,-0.040283,0.091064,0.25,49,168,22,39
27.712,14:48:44.712,-9.827148,0.24707,0.393555,-0.010498,0.009521,-0.034912,0.,0.,0.,-2.151611,-0.040039,0.091064,0.25,48,168,24,38
27.812,14:48:44.812,-9.827148,0.24707,0.393555,-0.010498,0.009521,-0.034912,0.,0.,0.,-2.151611,-0.040039,0.091064,0.25,48,168,24,38
27.912,14:48:44.912,-9.808594,0.189453,0.298828,-0.011475,0.015869,-0.02002,0.,0.,0.,-2.162109,-0.040527,0.090576,0.25,48,168,23,36
28.012,14:48:45.012,-9.827148,0.222656,0.365234,-0.006348,0.018066,-0.031738,0.,0.,0.,-2.182617,-0.041016,0.090088,0.25,46,168,23,35
28.112,14:48:45.112,-9.818359,0.260742,0.317383,-0.008301,0.012695,-0.030762,0.,0.,0.,-2.192871,-0.041016,0.089844,0.25,46,168,25,36
28.212,14:48:45.212,-9.660156,0.189453,0.293945,-0.008301,0.013672,-0.024414,0.,0.,0.,-2.203125,-0.04126,0.0896,0.25,47,168,24,36
28.312,14:48:45.312,-9.793945,0.175781,0.341797,-0.009521,0.016846,-0.025391,0.,0.,0.,-2.213379,-0.041504,0.089355,0.25,45,168,24,37
28.412,14:48:45.412,-9.741211,0.24707,0.293945,-0.011475,0.013672,-0.030762,0.,0.,0.,-2.223633,-0.041748,0.089111,0.25,45,168,24,37
28.512,14:48:45.512,-9.914062,0.260742,0.379883,-0.011475,0.014893,-0.027588,0.,0.,0.,-2.233643,-0.041748,0.088867,0.25,47,168,25,37
28.612,14:48:45.612,-9.78418,0.199219,0.493164,-0.008301,0.07959,-0.00415,0.,0.,0.,-2.243652,-0.041748,0.089111,0.25,47,168,30,37
28.712,14:48:45.712,-9.96582,0.265625,-0.075195,0.012695,0.171143,-0.02002,0.,0.,0.,-2.25415,-0.042969,0.085938,0.25,47,168,38,38
28.812,14:48:45.812,-9.96582,0.265625,-0.075195,0.012695,0.171143,-0.02002,0.,0.,0.,-2.25415,-0.042969,0.085938,0.25,47,168,38,38
28.912,14:48:45.912,-9.789062,0.379883,-0.089844,-0.003174,-0.037109,-0.044678,0.,0.,0.,-2.263916,-0.042725,0.086426,0.25,46,168,32,39
29.012,14:48:46.012,-9.803711,0.18457,0.488281,-0.008301,0.010498,-0.013672,0.,0.,0.,-2.283447,-0.04248,0.088135,0.25,46,168,25,43
29.112,14:48:46.112,-10.148438,-0.056641,-0.013672,0.05835,-0.895996,-0.114746,0.,0.,0.,-2.294922,-0.044189,0.087891,0.25,47,168,25,43
29.212,14:48:46.212,-9.28125,0.199219,1.671875,0.012695,0.205322,0.087158,0.,0.,0.,-2.306396,-0.043701,0.093506,0.25,46,168,24,40
29.312,14:48:46.312,-9.995117,0.669922,-0.204102,-0.016846,0.21167,-0.087158,0.,0.,0.,-2.315674,-0.048096,0.080322,0.246094,42,168,23,38
29.412,14:48:46.412,-9.952148,-0.02832,-0.179688,-0.007324,-0.083008,-0.103027,0.,0.,0.,-2.325195,-0.043457,0.082031,0.246094,40,168,24,37
29.512,14:48:46.512,-9.793945,0.089844,0.50293,-0.008301,-0.057373,0.036133,0.,0.,0.,-2.334961,-0.044434,0.084717,0.246094,40,231,26,36
29.612,14:48:46.612,-10.50293,3.446289,0.40332,-0.179688,-0.154297,-0.110596,0.,0.,0.,-2.344482,-0.051758,0.080566,0.246094,40,273,24,36
29.712,14:48:46.712,-9.947266,2.504883,-0.375,0.006348,-0.123291,-0.182861,0.,0.,0.,-2.367676,-0.066895,0.088867,0.246094,40,273,23,36
29.812,14:48:46.812,-9.947266,2.504883,-0.375,0.006348,-0.123291,-0.182861,0.,0.,0.,-2.367676,-0.066895,0.088867,0.246094,40,273,23,36
29.912,14:48:46.912,-12.915039,0.570312,0.635742,-0.320312,0.398926,-0.220215,0.,0.,0.,-2.374268,-0.05127,0.122559,0.25,40,273,23,36
30.012,14:48:47.012,-8.635742,6.792969,-2.6875,-3.365967,-2.217773,-3.36377,0.,0.,0.,-2.907227,-0.522949,-0.209473,0.222656,40,273,26,69
30.112,14:48:47.112,2.900391,4.767578,-6.359375,-0.864014,-2.25708,-2.14209,0.,0.,0.,-1.945312,-2.330566,-0.848389,0.578125,33,127,30,70
30.212,14:48:47.212,2.900391,4.767578,-6.359375,-0.864014,-2.25708,-2.14209,0.,0.,0.,-1.945312,-2.330566,-0.848389,0.578125,33,127,30,70
30.312,14:48:47.312,2.900391,4.767578,-6.359375,-0.864014,-2.25708,-2.14209,0.,0.,0.,-1.945312,-2.330566,-0.848389,0.578125,33,127,30,70
30.412,14:48:47.412,8.482422,2.90918,-1.224609,-0.103027,-0.420166,0.241455,0.,0.,0.,-1.376709,-2.844727,-0.234375,0.316406,23,29,278,23
30.512,14:48:47.512,8.482422,2.90918,-1.224609,-0.103027,-0.420166,0.241455,0.,0.,0.,-1.376709,-2.844727,-0.234375,0.316406,23,29,278,23
30.612,14:48:47.612,8.357422,2.970703,-1.585938,-0.373535,-0.052002,-0.170166,0.,0.,0.,-1.358643,-2.849121,-0.22583,0.300781,25,38,280,23
30.712,14:48:47.712,8.357422,2.970703,-1.585938,-0.373535,-0.052002,-0.170166,0.,0.,0.,-1.358643,-2.849121,-0.22583,0.300781,25,38,280,23
30.812,14:48:47.812,8.759766,2.995117,-1.348633,-0.603271,-0.318115,-0.263916,0.,0.,0.,-1.306396,-2.881592,-0.22168,0.292969,24,39,281,23
30.912,14:48:47.912,8.759766,2.995117,-1.348633,-0.603271,-0.318115,-0.263916,0.,0.,0.,-1.306396,-2.881592,-0.22168,0.292969,24,39,281,23
31.012,14:48:48.012,8.759766,2.995117,-1.348633,-0.603271,-0.318115,-0.263916,0.,0.,0.,-1.306396,-2.881592,-0.22168,0.292969,24,39,281,23
31.112,14:48:48.112,8.802734,2.181641,-1.091797,-0.493652,-0.226562,-0.296875,0.,0.,0.,-1.193359,-2.935303,-0.236328,0.210938,23,34,278,23
31.212,14:48:48.212,8.802734,2.181641,-1.091797,-0.493652,-0.226562,-0.296875,0.,0.,0.,-1.193359,-2.935303,-0.236328,0.210938,23,34,278,23
31.312,14:48:48.312,9.617188,1.977539,-2.018555,0.046631,0.037109,-0.02002,0.,0.,0.,-1.197998,-2.994385,-0.262451,0.347656,23,45,282,21
31.412,14:48:48.412,9.348633,1.834961,-2.003906,0.019043,-0.003174,-0.00415,0.,0.,0.,-1.20166,-2.99585,-0.260742,0.351562,24,45,279,21
31.512,14:48:48.512,9.37793,2.410156,-1.851562,0.108398,-0.011475,0.124512,0.,0.,0.,-1.209473,-2.98291,-0.256592,0.355469,25,45,215,57
31.612,14:48:48.612,9.37793,2.410156,-1.851562,0.108398,-0.011475,0.124512,0.,0.,0.,-1.209473,-2.98291,-0.256592,0.355469,25,45,215,57
31.712,14:48:48.712,9.133789,2.357422,-1.813477,0.083008,0.00415,-0.124512,0.,0.,0.,-1.220215,-2.984863,-0.255615,0.347656,25,45,121,75
31.812,14:48:48.812,9.133789,2.357422,-1.813477,0.083008,0.00415,-0.124512,0.,0.,0.,-1.220215,-2.984863,-0.255615,0.347656,25,45,121,75
31.912,14:48:48.912,9.133789,2.357422,-1.813477,0.083008,0.00415,-0.124512,0.,0.,0.,-1.220215,-2.984863,-0.255615,0.347656,25,45,121,75
32.012,14:48:49.012,9.40625,2.000977,-1.633789,0.04248,-0.010498,0.076416,0.,0.,0.,-1.29541,-2.974121,-0.262695,0.339844,23,57,279,35
32.112,14:48:49.112,9.40625,2.000977,-1.633789,0.04248,-0.010498,0.076416,0.,0.,0.,-1.29541,-2.974121,-0.262695,0.339844,23,57,279,35
32.212,14:48:49.212,9.152344,2.067383,-1.994141,-0.116943,0.17334,-0.00415,0.,0.,0.,-1.294189,-2.972656,-0.275879,0.304688,23,96,278,35
32.312,14:48:49.312,9.152344,2.067383,-1.994141,-0.116943,0.17334,-0.00415,0.,0.,0.,-1.294189,-2.972656,-0.275879,0.304688,23,96,278,35
32.412,14:48:49.412,9.300781,2.209961,-2.037109,0.009521,0.071289,0.095703,0.,0.,0.,-1.296875,-2.963623,-0.285156,0.296875,23,155,278,32
32.512,14:48:49.512,9.272461,2.34375,-2.241211,-0.099854,0.146729,0.139404,0.,0.,0.,-1.298584,-2.949951,-0.293945,0.300781,23,95,278,31
32.612,14:48:49.612,8.759766,3.179688,-2.753906,-0.084961,0.038086,-0.023193,0.,0.,0.,-1.295654,-2.938232,-0.306152,0.292969,23,56,278,33
32.712,14:48:49.712,8.759766,3.179688,-2.753906,-0.084961,0.038086,-0.023193,0.,0.,0.,-1.295654,-2.938232,-0.306152,0.292969,23,56,278,33
32.812,14:48:49.812,9.046875,1.772461,-2.06543,-0.109375,0.105225,-0.033936,0.,0.,0.,-1.286377,-2.952148,-0.30835,0.257812,22,56,278,33
32.912,14:48:49.912,9.046875,1.772461,-2.06543,-0.109375,0.105225,-0.033936,0.,0.,0.,-1.286377,-2.952148,-0.30835,0.257812,22,56,278,33
33.012,14:48:50.012,9.003906,2.519531,-2.536133,-0.095703,0.008301,0.032959,0.,0.,0.,-1.284424,-2.947021,-0.317627,0.261719,22,56,278,30
33.112,14:48:50.112,9.003906,2.519531,-2.536133,-0.095703,0.008301,0.032959,0.,0.,0.,-1.284424,-2.947021,-0.317627,0.261719,22,56,278,30
33.212,14:48:50.212,9.233398,2.319336,-2.711914,-0.115967,-0.02124,-0.126465,0.,0.,0.,-1.275635,-2.955566,-0.322266,0.265625,22,35,279,30
33.312,14:48:50.312,9.272461,2.276367,-2.332031,-0.029785,-0.101074,-0.047852,0.,0.,0.,-1.270996,-2.9646,-0.315674,0.230469,22,22,278,30
33.412,14:48:50.412,9.272461,2.504883,-2.426758,-0.014893,-0.104248,0.022217,0.,0.,0.,-1.266846,-2.970947,-0.30835,0.222656,22,22,278,30
33.512,14:48:50.512,9.171875,2.324219,-2.189453,0.090332,0.094482,-0.231934,0.,0.,0.,-1.278564,-2.977051,-0.309326,0.230469,22,23,278,30
33.612,14:48:50.612,9.511719,1.911133,-2.536133,-0.015869,-0.198975,-0.081787,0.,0.,0.,-1.285156,-2.989746,-0.302246,0.28125,22,23,278,30
33.712,14:48:50.712,9.396484,2.015625,-1.751953,0.00415,-0.25415,0.223389,0.,0.,0.,-1.282715,-2.979492,-0.276123,0.316406,22,23,278,30
33.812,14:48:50.812,9.396484,2.015625,-1.751953,0.00415,-0.25415,0.223389,0.,0.,0.,-1.282715,-2.979492,-0.276123,0.316406,22,23,278,30
33.912,14:48:50.912,9.325195,2.30957,-1.519531,-0.00415,-0.129639,0.107422,0.,0.,0.,-1.28418,-2.960449,-0.253174,0.316406,23,24,278,30
34.012,14:48:51.012,9.325195,2.30957,-1.519531,-0.00415,-0.129639,0.107422,0.,0.,0.,-1.28418,-2.960449,-0.253174,0.316406,23,24,278,30
34.112,14:48:51.112,9.449219,2.34375,-1.738281,-0.076416,-0.162598,0.000977,0.,0.,0.,-1.277832,-2.956299,-0.23999,0.308594,22,25,277,30
34.212,14:48:51.212,9.449219,2.34375,-1.738281,-0.076416,-0.162598,0.000977,0.,0.,0.,-1.277832,-2.956299,-0.23999,0.308594,22,25,277,30
34.312,14:48:51.312,9.286133,2.614258,-1.538086,0.044678,0.170166,0.19043,0.,0.,0.,-1.291992,-2.916992,-0.227783,0.304688,22,54,277,31
34.412,14:48:51.412,9.286133,2.614258,-1.538086,0.044678,0.170166,0.19043,0.,0.,0.,-1.291992,-2.916992,-0.227783,0.304688,22,54,277,31
34.512,14:48:51.512,9.286133,2.614258,-1.538086,0.044678,0.170166,0.19043,0.,0.,0.,-1.291992,-2.916992,-0.227783,0.304688,22,54,277,31
34.612,14:48:51.612,9.286133,2.614258,-1.538086,0.044678,0.170166,0.19043,0.,0.,0.,-1.291992,-2.916992,-0.227783,0.304688,22,54,277,31
34.712,14:48:51.712,9.013672,3.232422,-1.486328,0.011475,0.154297,0.137207,0.,0.,0.,-1.299561,-2.876953,-0.245605,0.296875,24,60,281,30
34.812,14:48:51.812,9.013672,3.232422,-1.486328,0.011475,0.154297,0.137207,0.,0.,0.,-1.299561,-2.876953,-0.245605,0.296875,24,60,281,30
34.912,14:48:51.912,8.9375,3.265625,-1.71875,0.003174,0.344727,0.154297,0.,0.,0.,-1.311768,-2.858887,-0.268311,0.296875,24,60,276,29
35.012,14:48:52.012,9.124023,3.446289,-3.025391,-0.290527,0.052979,0.200928,0.,0.,0.,-1.30835,-2.839844,-0.303223,0.289062,24,60,252,29
35.112,14:48:52.112,8.611328,4.611328,-2.098633,-0.073242,0.027588,-0.023193,0.,0.,0.,-1.296875,-2.815186,-0.307617,0.296875,26,60,243,29
35.212,14:48:52.212,8.779297,4.382812,-2.008789,-0.064697,0.029785,-0.205322,0.,0.,0.,-1.288818,-2.82666,-0.315186,0.339844,26,52,243,29
35.312,14:48:52.312,8.999023,3.499023,-2.521484,-0.012695,0.356445,-0.111572,0.,0.,0.,-1.300781,-2.84082,-0.330811,1.296875,27,28,243,29
35.412,14:48:52.412,8.985352,3.608398,-2.616211,0.25415,0.012695,-0.1521,0.,0.,0.,-1.315674,-2.849854,-0.338867,0.726562,27,21,243,29
35.512,14:48:52.512,8.985352,3.608398,-2.616211,0.25415,0.012695,-0.1521,0.,0.,0.,-1.315674,-2.849854,-0.338867,0.726562,27,21,243,29
35.612,14:48:52.612,8.985352,3.608398,-2.616211,0.25415,0.012695,-0.1521,0.,0.,0.,-1.315674,-2.849854,-0.338867,0.726562,27,21,243,29
