Time,UTC,FINKEN_SENSOR_MODEL:pos_z,FINKEN_SENSOR_MODEL:distance_d_back,FINKEN_SENSOR_MODEL:distance_d_left,FINKEN_SENSOR_MODEL:distance_d_rigth,FINKEN_SENSOR_MODEL:distance_d_front
3.346,15:18:9.346,0.242188,96,134,144,92
3.446,15:18:9.446,0.238281,96,134,144,92
3.546,15:18:9.546,0.242188,95,135,144,92
3.646,15:18:9.646,0.242188,95,135,144,92
3.746,15:18:9.746,0.242188,95,135,144,92
3.846,15:18:9.846,0.238281,94,135,144,92
3.946,15:18:9.946,0.238281,94,135,144,92
4.046,15:18:10.046,0.242188,94,135,144,92
4.146,15:18:10.146,0.238281,94,134,143,92
4.246,15:18:10.246,0.238281,94,133,143,92
4.346,15:18:10.346,0.238281,94,133,143,92
4.446,15:18:10.446,0.242188,94,133,143,92
4.546,15:18:10.546,0.242188,94,133,143,92
4.646,15:18:10.646,0.238281,94,134,143,92
4.746,15:18:10.746,0.238281,94,134,143,92
4.846,15:18:10.846,0.238281,95,134,143,92
4.946,15:18:10.946,0.238281,95,134,143,92
5.046,15:18:11.046,0.242188,95,134,143,92
5.146,15:18:11.146,0.242188,95,134,143,92
5.246,15:18:11.246,0.242188,95,134,143,92
5.346,15:18:11.346,0.238281,95,134,142,92
5.446,15:18:11.446,0.242188,95,134,142,92
5.546,15:18:11.546,0.238281,95,134,142,92
5.646,15:18:11.646,0.238281,95,134,143,92
5.746,15:18:11.746,0.238281,95,134,142,92
5.846,15:18:11.846,0.238281,95,134,142,92
5.946,15:18:11.946,0.238281,96,134,142,92
6.046,15:18:12.046,0.238281,96,134,142,92
6.146,15:18:12.146,0.238281,96,137,142,92
6.246,15:18:12.246,0.238281,96,137,142,92
6.346,15:18:12.346,0.242188,96,137,142,92
6.446,15:18:12.446,0.238281,96,136,142,92
6.546,15:18:12.546,0.238281,96,136,142,92
6.646,15:18:12.646,0.242188,97,133,142,92
6.746,15:18:12.746,0.242188,97,133,142,92
6.846,15:18:12.846,0.242188,97,133,142,92
6.946,15:18:12.946,0.238281,95,135,142,92
7.046,15:18:13.046,0.238281,95,135,142,92
7.146,15:18:13.146,0.238281,95,138,142,92
7.246,15:18:13.246,0.238281,95,138,142,92
7.346,15:18:13.346,0.238281,95,138,142,92
7.446,15:18:13.446,0.238281,95,138,142,92
7.546,15:18:13.546,0.242188,95,138,143,92
7.646,15:18:13.646,0.238281,95,136,143,92
7.746,15:18:13.746,0.238281,95,136,143,92
7.846,15:18:13.846,0.242188,95,137,143,92
7.946,15:18:13.946,0.238281,95,138,143,92
8.046,15:18:14.046,0.238281,95,138,143,92
8.146,15:18:14.146,0.238281,95,140,143,92
8.246,15:18:14.246,0.238281,95,140,143,92
8.346,15:18:14.346,0.238281,95,137,143,92
8.446,15:18:14.446,0.242188,96,138,143,92
8.546,15:18:14.546,0.238281,96,140,143,92
8.646,15:18:14.646,0.238281,96,140,143,92
8.746,15:18:14.746,0.238281,97,138,143,92
8.846,15:18:14.846,0.238281,97,138,143,92
8.946,15:18:14.946,0.238281,96,138,143,92
9.046,15:18:15.046,0.238281,96,138,143,92
9.146,15:18:15.146,0.242188,96,138,143,92
9.246,15:18:15.246,0.242188,96,138,143,92
9.346,15:18:15.346,0.242188,96,138,143,92
9.446,15:18:15.446,0.242188,96,138,143,92
9.546,15:18:15.546,0.242188,96,138,143,92
9.646,15:18:15.646,0.242188,96,138,143,92
9.746,15:18:15.746,0.238281,96,138,143,92
9.846,15:18:15.846,0.238281,96,137,143,92
9.946,15:18:15.946,0.238281,96,137,143,92
10.046,15:18:16.046,0.238281,96,134,143,92
10.146,15:18:16.146,0.238281,97,132,143,92
10.246,15:18:16.246,0.238281,96,133,143,92
10.346,15:18:16.346,0.238281,96,133,143,92
10.446,15:18:16.446,0.238281,95,139,143,92
10.546,15:18:16.546,0.238281,95,139,143,92
10.646,15:18:16.646,0.238281,95,137,143,92
10.746,15:18:16.746,0.238281,95,134,143,92
10.846,15:18:16.846,0.242188,95,134,143,92
10.946,15:18:16.946,0.242188,95,137,143,92
11.046,15:18:17.046,0.242188,95,137,143,92
11.146,15:18:17.146,0.242188,95,138,143,92
11.246,15:18:17.246,0.242188,95,138,143,92
11.346,15:18:17.346,0.238281,95,136,143,92
11.446,15:18:17.446,0.238281,95,136,143,92
11.546,15:18:17.546,0.238281,95,136,143,92
11.646,15:18:17.646,0.238281,95,136,143,92
11.746,15:18:17.746,0.242188,95,137,143,92
11.846,15:18:17.846,0.238281,95,136,143,92
11.946,15:18:17.946,0.238281,95,136,143,92
12.046,15:18:18.046,0.238281,95,136,143,92
12.146,15:18:18.146,0.238281,95,136,143,92
12.246,15:18:18.246,0.238281,95,135,143,92
12.346,15:18:18.346,0.238281,95,135,143,92
12.446,15:18:18.446,0.238281,95,135,143,92
12.546,15:18:18.546,0.238281,95,135,143,92
12.646,15:18:18.646,0.238281,95,135,143,92
12.746,15:18:18.746,0.238281,95,135,143,92
12.846,15:18:18.846,0.238281,95,135,143,92
12.946,15:18:18.946,0.238281,95,137,143,92
13.046,15:18:19.046,0.238281,95,135,143,92
13.146,15:18:19.146,0.238281,95,135,143,92
13.246,15:18:19.246,0.242188,95,135,143,92
13.346,15:18:19.346,0.238281,95,135,143,92
13.446,15:18:19.446,0.238281,95,135,143,92
13.546,15:18:19.546,0.238281,95,135,143,92
13.646,15:18:19.646,0.238281,95,136,143,92
13.746,15:18:19.746,0.238281,95,136,143,92
13.846,15:18:19.846,0.238281,95,137,143,92
13.946,15:18:19.946,0.238281,95,137,143,92
14.046,15:18:20.046,0.238281,95,137,143,92
14.146,15:18:20.146,0.238281,95,137,143,92
14.246,15:18:20.246,0.238281,95,137,143,92
14.346,15:18:20.346,0.238281,95,137,143,92
14.446,15:18:20.446,0.242188,95,137,143,92
14.546,15:18:20.546,0.242188,95,138,143,92
14.646,15:18:20.646,0.242188,95,138,143,92
14.746,15:18:20.746,0.238281,95,133,143,92
14.846,15:18:20.846,0.238281,95,132,143,92
14.946,15:18:20.946,0.238281,95,132,143,92
15.046,15:18:21.046,0.238281,95,132,143,92
15.146,15:18:21.146,0.242188,95,133,143,92
15.246,15:18:21.246,0.242188,95,133,143,92
15.346,15:18:21.346,0.242188,95,133,143,92
15.446,15:18:21.446,0.238281,95,133,143,92
15.546,15:18:21.546,0.238281,95,133,143,92
15.646,15:18:21.646,0.238281,95,133,143,92
15.746,15:18:21.746,0.242188,95,136,143,92
15.846,15:18:21.846,0.242188,95,136,143,92
15.946,15:18:21.946,0.238281,95,137,143,92
16.046,15:18:22.046,0.238281,95,137,143,92
16.146,15:18:22.146,0.238281,95,138,143,92
16.246,15:18:22.246,0.238281,95,138,143,92
16.346,15:18:22.346,0.238281,95,138,143,92
16.446,15:18:22.446,0.242188,95,138,143,92
16.546,15:18:22.546,0.238281,95,138,143,92
16.646,15:18:22.646,0.238281,95,138,143,92
16.746,15:18:22.746,0.238281,95,138,143,92
16.846,15:18:22.846,0.242188,95,138,143,92
16.946,15:18:22.946,0.242188,95,138,143,92
17.046,15:18:23.046,0.238281,95,138,143,92
17.146,15:18:23.146,0.238281,95,138,143,92
17.246,15:18:23.246,0.238281,95,139,143,92
17.346,15:18:23.346,0.238281,95,138,143,92
17.446,15:18:23.446,0.238281,95,138,143,92
17.546,15:18:23.546,0.238281,95,138,143,92
17.646,15:18:23.646,0.238281,95,138,143,92
17.746,15:18:23.746,0.242188,95,138,143,92
17.846,15:18:23.846,0.242188,95,138,143,92
17.946,15:18:23.946,0.238281,95,138,143,92
18.046,15:18:24.046,0.238281,95,138,143,92
18.146,15:18:24.146,0.238281,95,138,143,92
18.246,15:18:24.246,0.238281,95,138,143,92
18.346,15:18:24.346,0.238281,95,138,143,92
18.446,15:18:24.446,0.238281,95,138,143,92
18.546,15:18:24.546,0.238281,95,137,143,92
18.646,15:18:24.646,0.242188,95,137,143,92
18.746,15:18:24.746,0.238281,95,137,143,92
18.846,15:18:24.846,0.242188,95,137,143,92
18.946,15:18:24.946,0.238281,95,137,143,92
19.046,15:18:25.046,0.238281,95,137,143,92
19.146,15:18:25.146,0.238281,97,137,143,92
19.246,15:18:25.246,0.238281,97,138,143,92
19.346,15:18:25.346,0.242188,97,137,143,92
19.446,15:18:25.446,0.238281,97,137,143,92
19.546,15:18:25.546,0.238281,97,137,143,92
19.646,15:18:25.646,0.238281,97,138,143,92
19.746,15:18:25.746,0.238281,97,138,143,92
19.846,15:18:25.846,0.238281,97,138,143,92
19.946,15:18:25.946,0.238281,97,138,143,92
20.046,15:18:26.046,0.238281,97,138,143,92
20.146,15:18:26.146,0.238281,97,138,143,92
20.246,15:18:26.246,0.238281,96,138,143,92
20.346,15:18:26.346,0.238281,96,138,143,92
20.446,15:18:26.446,0.238281,95,138,143,92
20.546,15:18:26.546,0.238281,95,138,143,92
20.646,15:18:26.646,0.238281,95,138,143,92
20.746,15:18:26.746,0.238281,95,137,143,92
20.846,15:18:26.846,0.238281,95,137,143,92
20.946,15:18:26.946,0.238281,95,137,143,92
21.046,15:18:27.046,0.238281,95,137,143,92
21.146,15:18:27.146,0.238281,95,137,143,92
21.246,15:18:27.246,0.238281,95,137,143,92
21.346,15:18:27.346,0.238281,95,137,143,92
21.446,15:18:27.446,0.238281,95,137,143,92
21.546,15:18:27.546,0.238281,95,137,143,92
21.646,15:18:27.646,0.238281,95,137,143,92
21.746,15:18:27.746,0.238281,95,138,143,92
21.846,15:18:27.846,0.238281,95,137,143,92
21.946,15:18:27.946,0.238281,95,137,143,92
22.046,15:18:28.046,0.238281,95,137,143,92
22.146,15:18:28.146,0.238281,95,137,143,92
22.246,15:18:28.246,0.238281,95,137,143,92
22.346,15:18:28.346,0.238281,95,137,143,92
22.446,15:18:28.446,0.238281,95,137,143,92
22.546,15:18:28.546,0.238281,95,137,143,92
22.646,15:18:28.646,0.238281,95,137,143,92
22.746,15:18:28.746,0.238281,95,137,143,92
22.846,15:18:28.846,0.238281,95,136,143,92
22.946,15:18:28.946,0.238281,95,136,143,92
23.046,15:18:29.046,0.238281,95,136,143,92
23.146,15:18:29.146,0.238281,95,137,143,92
23.246,15:18:29.246,0.238281,95,137,143,92
23.346,15:18:29.346,0.238281,95,137,143,92
23.446,15:18:29.446,0.238281,95,137,143,92
23.546,15:18:29.546,0.238281,95,137,143,92
23.646,15:18:29.646,0.242188,95,137,143,92
23.746,15:18:29.746,0.238281,95,134,143,92
23.846,15:18:29.846,0.238281,95,133,143,92
23.946,15:18:29.946,0.238281,95,131,143,92
24.046,15:18:30.046,0.238281,95,131,143,92
24.146,15:18:30.146,0.238281,97,131,143,92
24.246,15:18:30.246,0.238281,96,132,143,92
24.346,15:18:30.346,0.238281,96,132,143,92
24.446,15:18:30.446,0.238281,96,132,143,92
24.546,15:18:30.546,0.238281,96,132,143,92
24.646,15:18:30.646,0.238281,97,130,143,92
24.746,15:18:30.746,0.238281,97,130,143,92
24.846,15:18:30.846,0.238281,97,130,143,92
24.946,15:18:30.946,0.238281,99,131,143,92
25.046,15:18:31.046,0.238281,100,129,142,92
25.146,15:18:31.146,0.238281,100,129,142,92
25.246,15:18:31.246,0.238281,100,129,142,92
25.346,15:18:31.346,0.238281,100,128,142,92
25.446,15:18:31.446,0.238281,102,128,142,92
25.546,15:18:31.546,0.238281,101,128,142,92
25.646,15:18:31.646,0.238281,101,129,143,92
25.746,15:18:31.746,0.238281,102,132,143,92
25.846,15:18:31.846,0.238281,103,132,143,92
25.946,15:18:31.946,0.238281,105,130,125,92
26.046,15:18:32.046,0.238281,103,115,69,92
26.146,15:18:32.146,0.238281,103,70,69,92
26.246,15:18:32.246,0.238281,103,53,125,92
26.346,15:18:32.346,0.238281,103,53,125,92
26.446,15:18:32.446,0.238281,103,49,107,92
26.546,15:18:32.546,0.238281,103,47,53,92
26.646,15:18:32.646,0.238281,103,46,53,92
26.746,15:18:32.746,0.238281,101,44,53,92
26.846,15:18:32.846,0.238281,100,43,51,92
26.946,15:18:32.946,0.234375,97,42,50,92
27.046,15:18:33.046,0.222656,95,42,50,92
27.146,15:18:33.146,0.203125,92,43,50,92
27.246,15:18:33.246,0.203125,89,45,48,92
27.346,15:18:33.346,0.214844,89,44,47,120
27.446,15:18:33.446,0.238281,88,44,85,204
27.546,15:18:33.546,0.238281,88,44,144,222
27.646,15:18:33.646,0.238281,87,44,144,192
27.746,15:18:33.746,0.234375,86,36,145,190
27.846,15:18:33.846,0.21875,86,24,144,214
27.946,15:18:33.946,0.199219,86,30,144,222
28.046,15:18:34.046,0.199219,86,41,144,223
28.146,15:18:34.146,0.199219,87,26,143,226
28.246,15:18:34.246,0.199219,87,38,143,226
28.346,15:18:34.346,0.199219,87,38,143,226
28.446,15:18:34.446,0.199219,91,42,144,225
28.546,15:18:34.546,0.199219,92,40,146,230
28.646,15:18:34.646,0.199219,92,40,146,230
28.746,15:18:34.746,0.199219,92,40,148,232
28.846,15:18:34.846,0.199219,100,40,147,232
28.946,15:18:34.946,0.199219,113,40,147,232
29.046,15:18:35.046,0.199219,113,40,147,232
29.146,15:18:35.146,0.199219,109,40,147,232
29.246,15:18:35.246,0.199219,105,40,147,232
29.346,15:18:35.346,0.199219,105,40,147,232
29.446,15:18:35.446,0.199219,104,35,146,232
29.546,15:18:35.546,0.199219,104,35,146,232
29.646,15:18:35.646,0.199219,104,30,147,232
29.746,15:18:35.746,0.199219,104,30,147,232
29.846,15:18:35.846,0.78125,0,0,0,0
29.946,15:18:35.946,0.78125,0,0,0,0
30.046,15:18:36.046,0.78125,0,0,0,0
30.146,15:18:36.146,0.292969,300,300,300,294
30.246,15:18:36.246,0.292969,300,300,300,294
30.346,15:18:36.346,0.292969,216,300,205,285
30.446,15:18:36.446,0.292969,216,300,205,285
30.546,15:18:36.546,0.292969,92,144,143,285
30.646,15:18:36.646,0.292969,92,144,143,285
30.746,15:18:36.746,0.292969,92,40,143,285
30.846,15:18:36.846,0.292969,92,40,143,285
30.946,15:18:36.946,0.292969,93,42,143,285
31.046,15:18:37.046,0.292969,93,42,143,285
31.146,15:18:37.146,0.292969,93,38,145,285
31.246,15:18:37.246,0.292969,93,38,145,285
31.346,15:18:37.346,0.292969,94,26,146,285
31.446,15:18:37.446,0.292969,94,26,146,285
31.546,15:18:37.546,0.292969,94,24,149,286
31.646,15:18:37.646,0.292969,94,24,149,286
31.746,15:18:37.746,0.292969,94,34,146,286
31.846,15:18:37.846,0.292969,95,36,145,285
31.946,15:18:37.946,0.292969,93,37,145,285
32.046,15:18:38.046,0.292969,93,40,145,285
32.146,15:18:38.146,0.292969,93,40,145,285
32.246,15:18:38.246,0.292969,92,40,145,284
32.346,15:18:38.346,0.292969,92,40,144,284
32.446,15:18:38.446,0.292969,92,40,144,284
32.546,15:18:38.546,0.292969,92,40,144,284
32.646,15:18:38.646,0.292969,92,40,144,284
32.746,15:18:38.746,0.292969,93,38,144,284
32.846,15:18:38.846,0.292969,93,38,144,284
32.946,15:18:38.946,0.292969,95,37,144,285
33.046,15:18:39.046,0.292969,97,37,145,285
33.146,15:18:39.146,0.292969,96,29,145,285
33.246,15:18:39.246,0.292969,95,34,144,284
33.346,15:18:39.346,0.292969,95,34,144,284
33.446,15:18:39.446,0.292969,93,34,144,284
33.546,15:18:39.546,0.292969,93,34,144,284
33.646,15:18:39.646,0.292969,92,34,144,171
33.746,15:18:39.746,0.292969,92,34,144,171
33.846,15:18:39.846,0.292969,93,34,144,96
33.946,15:18:39.946,0.292969,93,34,144,96
34.046,15:18:40.046,0.292969,95,34,144,96
34.146,15:18:40.146,0.292969,95,34,144,96
34.246,15:18:40.246,0.292969,96,35,144,132
34.346,15:18:40.346,0.292969,96,35,144,132
34.446,15:18:40.446,0.292969,96,38,144,237
34.546,15:18:40.546,0.292969,93,36,145,236
34.646,15:18:40.646,0.292969,92,34,144,131
34.746,15:18:40.746,0.292969,92,34,144,95
34.846,15:18:40.846,0.292969,93,35,144,95
34.946,15:18:40.946,0.292969,95,35,144,95
35.046,15:18:41.046,0.292969,94,36,87,95
35.146,15:18:41.146,0.292969,94,36,87,95
35.246,15:18:41.246,0.199219,87,22,50,99
35.346,15:18:41.346,0.207031,88,41,52,98
35.446,15:18:41.446,0.199219,87,40,51,98
35.546,15:18:41.546,0.199219,87,40,51,98
35.646,15:18:41.646,0.199219,89,33,51,97
35.746,15:18:41.746,0.199219,89,33,51,97
35.846,15:18:41.846,0.199219,88,29,51,97
35.946,15:18:41.946,0.199219,88,29,51,97
36.046,15:18:42.046,0.199219,88,25,51,96
36.146,15:18:42.146,0.199219,88,25,51,96
36.246,15:18:42.246,0.199219,88,25,51,96
36.346,15:18:42.346,0.199219,91,27,144,94
36.446,15:18:42.446,0.199219,91,27,144,94
36.546,15:18:42.546,0.214844,94,30,144,93
36.646,15:18:42.646,0.230469,94,30,144,93
36.746,15:18:42.746,0.234375,94,30,144,92
36.846,15:18:42.846,0.21875,94,30,144,92
36.946,15:18:42.946,0.207031,94,30,144,92
37.046,15:18:43.046,0.207031,93,30,144,92
37.146,15:18:43.146,0.230469,93,30,144,92
37.246,15:18:43.246,0.238281,93,30,144,92
37.346,15:18:43.346,0.238281,95,30,126,91
37.446,15:18:43.446,0.238281,95,29,70,91
37.546,15:18:43.546,0.238281,95,27,52,91
37.646,15:18:43.646,0.238281,94,27,52,91
37.746,15:18:43.746,0.238281,94,27,52,91
37.846,15:18:43.846,0.238281,95,29,52,91
37.946,15:18:43.946,0.238281,96,35,52,91
38.046,15:18:44.046,0.238281,51,36,52,91
38.146,15:18:44.146,0.238281,22,33,52,91
38.246,15:18:44.246,0.238281,65,33,52,91
38.346,15:18:44.346,0.238281,94,36,52,91
38.446,15:18:44.446,0.238281,94,36,52,91
38.546,15:18:44.546,0.238281,94,32,52,91
38.646,15:18:44.646,0.238281,94,36,52,91
38.746,15:18:44.746,0.238281,94,43,52,91
38.846,15:18:44.846,0.238281,94,41,52,91
38.946,15:18:44.946,0.238281,94,38,89,91
39.046,15:18:45.046,0.234375,94,37,145,91
39.146,15:18:45.146,0.234375,93,37,145,91
39.246,15:18:45.246,0.238281,93,37,145,91
39.346,15:18:45.346,0.238281,93,37,145,91
39.446,15:18:45.446,0.238281,93,37,145,90
39.546,15:18:45.546,0.238281,94,37,145,90
39.646,15:18:45.646,0.238281,94,38,145,90
39.746,15:18:45.746,0.238281,93,41,145,90
39.846,15:18:45.846,0.238281,93,44,145,90
39.946,15:18:45.946,0.238281,93,49,145,90
40.046,15:18:46.046,0.238281,93,54,145,90
40.146,15:18:46.146,0.238281,94,58,145,90
40.246,15:18:46.246,0.238281,95,101,145,90
40.346,15:18:46.346,0.238281,95,130,145,90
40.446,15:18:46.446,0.238281,95,103,146,90
40.546,15:18:46.546,0.238281,94,85,145,90
40.646,15:18:46.646,0.238281,94,130,145,90
40.746,15:18:46.746,0.238281,94,105,145,90
40.846,15:18:46.846,0.238281,94,105,145,90
40.946,15:18:46.946,0.238281,94,105,145,90
41.046,15:18:47.046,0.238281,93,106,144,90
41.146,15:18:47.146,0.238281,93,106,144,90
41.246,15:18:47.246,0.238281,93,121,144,90
41.346,15:18:47.346,0.238281,93,131,144,90
41.446,15:18:47.446,0.238281,94,129,144,90
41.546,15:18:47.546,0.238281,94,129,144,90
41.646,15:18:47.646,0.238281,92,127,144,90
41.746,15:18:47.746,0.238281,92,127,144,91
41.846,15:18:47.846,0.238281,92,129,144,90
41.946,15:18:47.946,0.238281,92,130,144,90
42.046,15:18:48.046,0.238281,92,130,144,90
42.146,15:18:48.146,0.238281,92,132,144,91
42.246,15:18:48.246,0.238281,91,134,144,91
42.346,15:18:48.346,0.238281,91,134,144,91
42.446,15:18:48.446,0.238281,91,134,144,91
42.546,15:18:48.546,0.238281,91,134,144,91
42.646,15:18:48.646,0.238281,91,133,144,91
42.746,15:18:48.746,0.238281,92,128,144,91
42.846,15:18:48.846,0.238281,92,128,144,91
42.946,15:18:48.946,0.238281,92,127,144,91
43.046,15:18:49.046,0.238281,92,127,144,91
43.146,15:18:49.146,0.238281,93,128,145,91
43.246,15:18:49.246,0.238281,93,128,145,91
43.346,15:18:49.346,0.238281,93,128,145,91
43.446,15:18:49.446,0.238281,94,128,145,90
43.546,15:18:49.546,0.238281,95,127,145,90
43.646,15:18:49.646,0.238281,95,127,145,90
43.746,15:18:49.746,0.238281,97,131,146,91
43.846,15:18:49.846,0.238281,98,138,145,90
43.946,15:18:49.946,0.238281,98,133,144,90
44.046,15:18:50.046,0.238281,98,127,144,90
44.146,15:18:50.146,0.238281,98,131,144,90
44.246,15:18:50.246,0.238281,98,137,144,90
44.346,15:18:50.346,0.238281,98,134,144,90
44.446,15:18:50.446,0.238281,98,134,144,90
44.546,15:18:50.546,0.238281,99,129,145,90
44.646,15:18:50.646,0.238281,100,127,145,90
44.746,15:18:50.746,0.238281,100,127,145,90
44.846,15:18:50.846,0.238281,101,129,145,90
44.946,15:18:50.946,0.238281,101,133,145,90
45.046,15:18:51.046,0.238281,101,139,144,90
45.146,15:18:51.146,0.238281,102,134,144,91
45.246,15:18:51.246,0.238281,103,131,144,91
45.346,15:18:51.346,0.238281,103,128,144,91
45.446,15:18:51.446,0.238281,103,126,145,91
45.546,15:18:51.546,0.238281,103,133,146,91
45.646,15:18:51.646,0.238281,102,138,146,90
45.746,15:18:51.746,0.238281,102,138,146,90
45.846,15:18:51.846,0.238281,102,135,147,90
45.946,15:18:51.946,0.238281,102,135,147,90
46.046,15:18:52.046,0.238281,102,134,145,91
46.146,15:18:52.146,0.238281,103,130,144,91
46.246,15:18:52.246,0.238281,102,128,144,91
46.346,15:18:52.346,0.238281,102,130,145,91
46.446,15:18:52.446,0.238281,102,130,145,91
46.546,15:18:52.546,0.238281,101,130,147,91
46.646,15:18:52.646,0.238281,101,131,146,91
46.746,15:18:52.746,0.238281,101,137,146,91
46.846,15:18:52.846,0.238281,100,139,146,91
46.946,15:18:52.946,0.238281,100,139,147,91
47.046,15:18:53.046,0.238281,100,137,147,91
47.146,15:18:53.146,0.238281,100,131,147,91
47.246,15:18:53.246,0.238281,99,131,146,91
47.346,15:18:53.346,0.238281,99,137,145,91
47.446,15:18:53.446,0.238281,99,137,145,91
47.546,15:18:53.546,0.238281,99,131,145,91
47.646,15:18:53.646,0.238281,99,129,145,91
47.746,15:18:53.746,0.238281,99,129,145,91
47.846,15:18:53.846,0.238281,98,129,145,91
47.946,15:18:53.946,0.238281,98,129,145,91
48.046,15:18:54.046,0.238281,96,125,145,91
48.146,15:18:54.146,0.238281,96,110,145,91
48.246,15:18:54.246,0.238281,96,110,145,91
48.346,15:18:54.346,0.238281,96,125,145,90
48.446,15:18:54.446,0.238281,95,130,145,90
48.546,15:18:54.546,0.238281,95,132,145,90
48.646,15:18:54.646,0.238281,95,130,145,91
48.746,15:18:54.746,0.238281,95,129,145,91
48.846,15:18:54.846,0.238281,95,128,146,91
48.946,15:18:54.946,0.238281,94,128,146,91
49.046,15:18:55.046,0.238281,94,128,146,91
49.146,15:18:55.146,0.238281,94,128,146,90
49.246,15:18:55.246,0.238281,94,128,146,90
49.346,15:18:55.346,0.238281,94,128,146,90
49.446,15:18:55.446,0.238281,94,127,148,90
49.546,15:18:55.546,0.238281,93,126,147,90
49.646,15:18:55.646,0.238281,93,126,147,91
49.746,15:18:55.746,0.238281,93,128,146,91
49.846,15:18:55.846,0.238281,93,133,145,91
49.946,15:18:55.946,0.238281,93,141,144,91
50.046,15:18:56.046,0.238281,93,133,144,91
50.146,15:18:56.146,0.238281,94,128,144,91
50.246,15:18:56.246,0.238281,94,128,144,90
50.346,15:18:56.346,0.238281,94,128,145,90
50.446,15:18:56.446,0.238281,94,127,146,90
50.546,15:18:56.546,0.238281,94,127,147,90
50.646,15:18:56.646,0.238281,95,127,146,90
50.746,15:18:56.746,0.238281,95,130,146,90
50.846,15:18:56.846,0.238281,95,132,146,91
50.946,15:18:56.946,0.238281,95,130,146,91
51.046,15:18:57.046,0.238281,95,130,146,91
51.146,15:18:57.146,0.238281,95,129,145,91
51.246,15:18:57.246,0.238281,96,128,145,90
51.346,15:18:57.346,0.238281,96,128,145,90
51.446,15:18:57.446,0.238281,96,128,145,90
51.546,15:18:57.546,0.238281,96,127,146,90
51.646,15:18:57.646,0.238281,96,127,146,90
51.746,15:18:57.746,0.238281,96,127,146,90
51.846,15:18:57.846,0.238281,96,129,146,90
51.946,15:18:57.946,0.238281,96,132,146,90
52.046,15:18:58.046,0.238281,96,132,146,90
52.146,15:18:58.146,0.238281,96,129,146,90
52.246,15:18:58.246,0.238281,96,128,146,90
52.346,15:18:58.346,0.238281,96,128,146,90
52.446,15:18:58.446,0.238281,96,128,146,90
52.546,15:18:58.546,0.238281,96,127,146,90
52.646,15:18:58.646,0.238281,97,127,146,90
52.746,15:18:58.746,0.238281,97,127,146,91
52.846,15:18:58.846,0.238281,97,128,146,90
52.946,15:18:58.946,0.238281,97,128,146,90
53.046,15:18:59.046,0.238281,97,128,146,90
53.146,15:18:59.146,0.238281,97,128,147,90
53.246,15:18:59.246,0.238281,97,128,147,91
53.346,15:18:59.346,0.238281,97,128,147,91
53.446,15:18:59.446,0.238281,97,128,147,91
53.546,15:18:59.546,0.238281,97,128,147,91
53.646,15:18:59.646,0.238281,96,129,147,90
53.746,15:18:59.746,0.238281,96,129,147,90
53.846,15:18:59.846,0.238281,96,129,147,90
53.946,15:18:59.946,0.238281,96,131,147,90
54.046,15:19:0.046,0.238281,96,131,147,90
54.146,15:19:0.146,0.238281,96,129,147,91
54.246,15:19:0.246,0.238281,96,133,147,91
54.346,15:19:0.346,0.238281,96,133,147,91
54.446,15:19:0.446,0.238281,96,135,147,91
54.546,15:19:0.546,0.238281,96,129,147,91
54.646,15:19:0.646,0.238281,96,128,147,90
54.746,15:19:0.746,0.238281,96,128,147,90
54.846,15:19:0.846,0.238281,96,133,147,90
54.946,15:19:0.946,0.238281,96,141,147,90
55.046,15:19:1.046,0.238281,96,141,147,90
55.146,15:19:1.146,0.238281,96,129,147,90
55.246,15:19:1.246,0.238281,96,128,147,90
55.346,15:19:1.346,0.238281,96,128,147,90
55.446,15:19:1.446,0.238281,96,127,147,90
55.546,15:19:1.546,0.238281,96,127,147,90
55.646,15:19:1.646,0.238281,96,127,147,90
55.746,15:19:1.746,0.238281,96,130,147,91
55.846,15:19:1.846,0.238281,96,129,147,91
55.946,15:19:1.946,0.238281,96,129,147,91
56.046,15:19:2.046,0.238281,96,129,147,91
56.146,15:19:2.146,0.238281,96,128,146,90
56.246,15:19:2.246,0.238281,96,128,146,90
56.346,15:19:2.346,0.238281,96,128,146,90
56.446,15:19:2.446,0.238281,97,128,145,90
56.546,15:19:2.546,0.238281,97,129,145,91
56.646,15:19:2.646,0.238281,97,130,145,91
56.746,15:19:2.746,0.238281,97,130,145,91
56.846,15:19:2.846,0.238281,97,130,145,91
56.946,15:19:2.946,0.238281,97,129,145,91
57.046,15:19:3.046,0.238281,97,129,146,91
57.146,15:19:3.146,0.238281,97,129,146,91
57.246,15:19:3.246,0.238281,97,129,146,91
57.346,15:19:3.346,0.238281,97,129,146,91
57.446,15:19:3.446,0.238281,97,129,146,91
57.546,15:19:3.546,0.238281,97,129,146,91
57.646,15:19:3.646,0.238281,97,129,146,91
57.746,15:19:3.746,0.238281,97,129,146,91
57.846,15:19:3.846,0.238281,97,129,146,91
57.946,15:19:3.946,0.238281,97,132,146,91
58.046,15:19:4.046,0.238281,97,138,146,91
58.146,15:19:4.146,0.238281,97,141,146,91
58.246,15:19:4.246,0.238281,97,141,146,91
58.346,15:19:4.346,0.238281,97,141,146,91
58.446,15:19:4.446,0.238281,97,141,146,90
58.546,15:19:4.546,0.238281,97,140,146,90
58.646,15:19:4.646,0.238281,97,140,146,90
58.746,15:19:4.746,0.238281,97,135,146,90
58.846,15:19:4.846,0.238281,97,129,146,90
58.946,15:19:4.946,0.238281,97,133,146,91
59.046,15:19:5.046,0.238281,97,139,146,90
59.146,15:19:5.146,0.238281,97,134,146,90
59.246,15:19:5.246,0.238281,97,128,146,90
59.346,15:19:5.346,0.238281,97,127,146,90
59.446,15:19:5.446,0.238281,97,127,146,90
59.546,15:19:5.546,0.238281,97,130,145,90
59.646,15:19:5.646,0.238281,97,135,145,90
59.746,15:19:5.746,0.238281,97,136,146,90
59.846,15:19:5.846,0.238281,97,138,145,90
59.946,15:19:5.946,0.238281,97,132,145,90
60.046,15:19:6.046,0.238281,97,129,145,90
60.146,15:19:6.146,0.238281,97,132,145,90
60.246,15:19:6.246,0.238281,97,132,145,90
60.346,15:19:6.346,0.238281,97,135,145,91
60.446,15:19:6.446,0.238281,97,129,145,91
60.546,15:19:6.546,0.238281,97,129,145,91
60.646,15:19:6.646,0.238281,97,133,145,91
60.746,15:19:6.746,0.238281,97,133,145,91
60.846,15:19:6.846,0.238281,97,136,145,91
60.946,15:19:6.946,0.238281,97,136,145,91
61.046,15:19:7.046,0.238281,97,136,145,91
61.146,15:19:7.146,0.238281,97,128,145,91
61.246,15:19:7.246,0.238281,97,128,145,90
61.346,15:19:7.346,0.238281,97,128,145,90
61.446,15:19:7.446,0.238281,97,131,145,90
61.546,15:19:7.546,0.238281,97,131,145,90
61.646,15:19:7.646,0.238281,97,139,145,90
61.746,15:19:7.746,0.238281,97,139,145,90
61.846,15:19:7.846,0.238281,97,139,145,91
61.946,15:19:7.946,0.238281,97,132,145,91
62.046,15:19:8.046,0.238281,97,129,145,91
62.146,15:19:8.146,0.238281,97,129,145,91
62.246,15:19:8.246,0.238281,97,131,145,91
62.346,15:19:8.346,0.238281,97,139,145,91
62.446,15:19:8.446,0.238281,97,139,145,91
62.546,15:19:8.546,0.238281,97,130,145,91
62.646,15:19:8.646,0.238281,97,132,145,91
62.746,15:19:8.746,0.238281,97,133,145,91
62.846,15:19:8.846,0.238281,97,133,145,91
62.946,15:19:8.946,0.238281,97,133,145,91
63.046,15:19:9.046,0.238281,97,130,145,90
63.146,15:19:9.146,0.238281,97,130,145,90
63.246,15:19:9.246,0.238281,97,134,145,90
63.346,15:19:9.346,0.238281,97,142,145,90
63.446,15:19:9.446,0.238281,97,136,145,91
63.546,15:19:9.546,0.238281,97,128,145,91
63.646,15:19:9.646,0.238281,97,130,145,91
63.746,15:19:9.746,0.238281,97,130,145,91
63.846,15:19:9.846,0.238281,97,133,145,91
63.946,15:19:9.946,0.238281,97,133,145,91
64.046,15:19:10.046,0.238281,97,131,145,90
64.146,15:19:10.146,0.238281,97,131,145,90
64.246,15:19:10.246,0.238281,97,129,145,90
64.346,15:19:10.346,0.238281,97,129,145,90
64.446,15:19:10.446,0.238281,97,129,145,90
64.546,15:19:10.546,0.238281,97,128,145,90
64.646,15:19:10.646,0.238281,97,128,145,90
64.746,15:19:10.746,0.238281,97,128,145,90
64.846,15:19:10.846,0.238281,97,128,145,90
64.946,15:19:10.946,0.238281,97,139,145,90
65.046,15:19:11.046,0.238281,97,139,145,90
65.146,15:19:11.146,0.238281,97,141,145,91
65.246,15:19:11.246,0.238281,97,128,145,91
65.346,15:19:11.346,0.238281,97,128,145,91
65.446,15:19:11.446,0.238281,97,139,145,91
65.546,15:19:11.546,0.238281,97,139,145,91
65.646,15:19:11.646,0.238281,97,139,145,91
65.746,15:19:11.746,0.238281,97,139,145,91
65.846,15:19:11.846,0.238281,97,139,145,91
65.946,15:19:11.946,0.238281,97,132,145,91
66.046,15:19:12.046,0.238281,97,132,145,91
66.146,15:19:12.146,0.238281,97,128,145,91
66.246,15:19:12.246,0.238281,96,131,145,91
66.346,15:19:12.346,0.238281,96,139,145,90
66.446,15:19:12.446,0.238281,96,139,145,90
66.546,15:19:12.546,0.238281,96,133,145,90
66.646,15:19:12.646,0.238281,96,133,145,90
66.746,15:19:12.746,0.238281,96,131,145,91
66.846,15:19:12.846,0.238281,96,133,145,91
66.946,15:19:12.946,0.238281,96,133,145,91
67.046,15:19:13.046,0.238281,96,139,145,91
67.146,15:19:13.146,0.238281,96,139,145,91
67.246,15:19:13.246,0.238281,96,142,145,90
67.346,15:19:13.346,0.238281,96,142,145,90
67.446,15:19:13.446,0.238281,96,142,145,90
67.546,15:19:13.546,0.238281,96,142,145,90
67.646,15:19:13.646,0.238281,96,142,145,90
67.746,15:19:13.746,0.238281,96,142,145,90
67.846,15:19:13.846,0.238281,96,130,145,90
67.946,15:19:13.946,0.238281,96,130,145,90
68.046,15:19:14.046,0.238281,96,128,145,90
68.146,15:19:14.146,0.238281,96,128,145,91
68.246,15:19:14.246,0.238281,96,129,145,90
68.346,15:19:14.346,0.238281,96,129,146,90
68.446,15:19:14.446,0.238281,96,129,145,91
68.546,15:19:14.546,0.238281,96,129,145,91
68.646,15:19:14.646,0.238281,96,129,145,91
68.746,15:19:14.746,0.238281,96,129,145,91
68.846,15:19:14.846,0.238281,96,129,145,91
68.946,15:19:14.946,0.238281,96,134,145,91
69.046,15:19:15.046,0.238281,96,134,145,91
69.146,15:19:15.146,0.238281,97,128,145,91
69.246,15:19:15.246,0.238281,97,133,145,91
69.346,15:19:15.346,0.238281,97,133,145,91
69.446,15:19:15.446,0.238281,97,134,145,90
69.546,15:19:15.546,0.238281,97,134,145,90
69.646,15:19:15.646,0.238281,97,130,145,90
69.746,15:19:15.746,0.238281,97,130,145,90
69.846,15:19:15.846,0.238281,97,129,145,90
69.946,15:19:15.946,0.238281,97,129,145,91
70.046,15:19:16.046,0.238281,97,129,145,91
70.146,15:19:16.146,0.238281,97,129,145,90
70.246,15:19:16.246,0.238281,97,129,145,90
70.346,15:19:16.346,0.238281,97,129,145,90
70.446,15:19:16.446,0.238281,97,136,145,90
70.546,15:19:16.546,0.238281,97,141,145,90
70.646,15:19:16.646,0.238281,97,141,145,90
70.746,15:19:16.746,0.238281,97,141,145,91
70.846,15:19:16.846,0.238281,97,141,145,91
70.946,15:19:16.946,0.238281,97,141,145,91
71.046,15:19:17.046,0.238281,97,141,145,91
71.146,15:19:17.146,0.238281,97,140,145,90
71.246,15:19:17.246,0.238281,97,140,145,91
71.346,15:19:17.346,0.238281,97,140,145,91
71.446,15:19:17.446,0.238281,97,140,145,91
71.546,15:19:17.546,0.238281,97,140,145,91
71.646,15:19:17.646,0.238281,96,141,145,91
71.746,15:19:17.746,0.238281,96,141,145,91
71.846,15:19:17.846,0.238281,96,141,145,91
71.946,15:19:17.946,0.238281,96,141,145,91
72.046,15:19:18.046,0.238281,97,141,145,91
72.146,15:19:18.146,0.238281,97,141,145,91
72.246,15:19:18.246,0.238281,96,141,145,91
72.346,15:19:18.346,0.238281,96,141,145,91
72.446,15:19:18.446,0.238281,96,141,145,91
72.546,15:19:18.546,0.238281,96,142,145,91
72.646,15:19:18.646,0.238281,96,142,145,91
72.746,15:19:18.746,0.238281,96,142,145,91
72.846,15:19:18.846,0.238281,96,141,145,91
72.946,15:19:18.946,0.238281,96,141,145,91
73.046,15:19:19.046,0.238281,96,141,145,91
73.146,15:19:19.146,0.238281,96,141,145,91
73.246,15:19:19.246,0.238281,96,141,145,91
73.346,15:19:19.346,0.238281,96,142,145,91
73.446,15:19:19.446,0.238281,96,142,145,91
73.546,15:19:19.546,0.238281,96,142,145,91
73.646,15:19:19.646,0.238281,96,142,145,91
73.746,15:19:19.746,0.238281,96,141,145,91
73.846,15:19:19.846,0.238281,96,141,145,91
73.946,15:19:19.946,0.238281,96,141,145,91
74.046,15:19:20.046,0.238281,96,141,145,91
74.146,15:19:20.146,0.238281,96,141,145,91
74.246,15:19:20.246,0.238281,96,141,145,91
74.346,15:19:20.346,0.238281,96,141,145,91
74.446,15:19:20.446,0.238281,96,136,145,91
74.546,15:19:20.546,0.238281,96,129,145,91
74.646,15:19:20.646,0.238281,96,129,145,91
74.746,15:19:20.746,0.238281,96,129,145,91
74.846,15:19:20.846,0.238281,96,132,145,91
74.946,15:19:20.946,0.238281,96,132,145,91
75.046,15:19:21.046,0.238281,96,140,145,91
75.146,15:19:21.146,0.238281,96,140,145,91
75.246,15:19:21.246,0.238281,96,140,145,90
75.346,15:19:21.346,0.238281,96,141,145,90
75.446,15:19:21.446,0.238281,96,135,145,91
75.546,15:19:21.546,0.238281,96,135,145,91
75.646,15:19:21.646,0.238281,96,133,145,91
75.746,15:19:21.746,0.238281,96,133,145,91
75.846,15:19:21.846,0.238281,96,133,145,91
75.946,15:19:21.946,0.238281,96,133,145,91
76.046,15:19:22.046,0.238281,96,136,145,91
76.146,15:19:22.146,0.238281,96,136,145,91
76.246,15:19:22.246,0.238281,96,136,145,91
76.346,15:19:22.346,0.238281,96,136,145,91
76.446,15:19:22.446,0.238281,96,136,145,91
76.546,15:19:22.546,0.238281,96,140,145,91
76.646,15:19:22.646,0.238281,96,134,145,91
76.746,15:19:22.746,0.238281,96,134,145,91
76.846,15:19:22.846,0.238281,96,131,145,91
76.946,15:19:22.946,0.238281,96,130,145,91
77.046,15:19:23.046,0.238281,96,130,145,91
77.146,15:19:23.146,0.238281,96,130,145,91
77.246,15:19:23.246,0.238281,96,129,145,91
77.346,15:19:23.346,0.238281,96,129,145,91
77.446,15:19:23.446,0.238281,96,129,145,91
77.546,15:19:23.546,0.238281,96,130,145,91
77.646,15:19:23.646,0.238281,96,130,145,91
77.746,15:19:23.746,0.238281,96,130,145,91
77.846,15:19:23.846,0.238281,96,129,145,91
77.946,15:19:23.946,0.238281,96,129,145,91
78.046,15:19:24.046,0.238281,96,129,145,91
78.146,15:19:24.146,0.238281,96,128,145,91
78.246,15:19:24.246,0.238281,96,130,145,91
78.346,15:19:24.346,0.238281,96,130,145,91
78.446,15:19:24.446,0.238281,96,134,145,91
78.546,15:19:24.546,0.238281,96,136,145,91
78.646,15:19:24.646,0.238281,96,134,145,91
78.746,15:19:24.746,0.238281,96,131,145,91
78.846,15:19:24.846,0.238281,96,130,145,91
78.946,15:19:24.946,0.238281,96,130,145,91
79.046,15:19:25.046,0.238281,96,130,145,91
79.146,15:19:25.146,0.238281,96,137,145,91
79.246,15:19:25.246,0.238281,96,135,145,91
79.346,15:19:25.346,0.238281,96,135,145,91
79.446,15:19:25.446,0.238281,96,132,145,91
79.546,15:19:25.546,0.238281,96,131,145,90
79.646,15:19:25.646,0.238281,96,131,145,90
79.746,15:19:25.746,0.238281,96,132,145,90
79.846,15:19:25.846,0.238281,96,135,145,90
79.946,15:19:25.946,0.238281,96,132,145,91
80.046,15:19:26.046,0.238281,96,131,145,91
80.146,15:19:26.146,0.238281,96,131,145,91
80.246,15:19:26.246,0.238281,96,132,145,91
80.346,15:19:26.346,0.238281,96,131,145,91
80.446,15:19:26.446,0.238281,97,131,145,91
80.546,15:19:26.546,0.238281,97,131,145,91
80.646,15:19:26.646,0.234375,99,122,54,91
80.746,15:19:26.746,0.238281,99,132,109,91
80.846,15:19:26.846,0.238281,99,132,109,91
80.946,15:19:26.946,0.234375,99,133,145,91
81.046,15:19:27.046,0.234375,99,133,145,91
81.146,15:19:27.146,0.234375,99,133,145,91
81.246,15:19:27.246,0.234375,99,133,145,91
81.346,15:19:27.346,0.234375,99,133,145,91
81.446,15:19:27.446,0.234375,99,133,145,91
81.546,15:19:27.546,0.234375,99,141,145,91
81.646,15:19:27.646,0.234375,99,141,145,91
81.746,15:19:27.746,0.234375,99,138,145,91
81.846,15:19:27.846,0.234375,99,132,145,91
81.946,15:19:27.946,0.238281,99,131,147,91
82.046,15:19:28.046,0.238281,99,131,147,91
82.146,15:19:28.146,0.234375,99,136,146,91
82.246,15:19:28.246,0.234375,101,132,146,91
82.346,15:19:28.346,0.234375,101,132,146,91
82.446,15:19:28.446,0.234375,100,131,145,91
82.546,15:19:28.546,0.238281,99,132,145,91
82.646,15:19:28.646,0.234375,99,135,145,90
82.746,15:19:28.746,0.234375,99,135,145,90
82.846,15:19:28.846,0.234375,99,133,146,90
82.946,15:19:28.946,0.234375,99,135,146,91
83.046,15:19:29.046,0.234375,99,141,146,91
83.146,15:19:29.146,0.234375,99,144,145,91
83.246,15:19:29.246,0.234375,99,144,108,91
83.346,15:19:29.346,0.234375,99,138,53,91
83.446,15:19:29.446,0.234375,99,130,89,91
83.546,15:19:29.546,0.238281,99,137,144,91
83.646,15:19:29.646,0.238281,100,144,144,91
83.746,15:19:29.746,0.238281,100,144,144,91
83.846,15:19:29.846,0.234375,100,139,145,91
83.946,15:19:29.946,0.234375,100,139,145,91
84.046,15:19:30.046,0.238281,100,132,144,91
84.146,15:19:30.146,0.238281,100,133,144,91
84.246,15:19:30.246,0.234375,100,135,144,91
84.346,15:19:30.346,0.238281,100,133,144,91
84.446,15:19:30.446,0.234375,100,132,144,91
84.546,15:19:30.546,0.234375,100,133,145,91
84.646,15:19:30.646,0.234375,101,136,108,91
84.746,15:19:30.746,0.234375,101,135,54,91
84.846,15:19:30.846,0.234375,101,134,108,91
84.946,15:19:30.946,0.238281,101,132,145,91
85.046,15:19:31.046,0.238281,101,131,145,91
85.146,15:19:31.146,0.234375,101,134,145,91
85.246,15:19:31.246,0.238281,101,137,144,91
85.346,15:19:31.346,0.234375,101,134,144,92
85.446,15:19:31.446,0.234375,101,134,144,92
85.546,15:19:31.546,0.203125,102,138,145,130
85.646,15:19:31.646,0.203125,102,138,145,130
85.746,15:19:31.746,0.203125,102,138,145,130
85.846,15:19:31.846,0.203125,102,138,145,130
85.946,15:19:31.946,0.375,104,135,142,91
86.046,15:19:32.046,0.375,104,135,142,91
86.146,15:19:32.146,0.375,104,135,142,91
86.246,15:19:32.246,0.398438,106,136,140,90
86.346,15:19:32.346,0.40625,111,122,139,157
86.446,15:19:32.446,0.382812,115,119,136,259
86.546,15:19:32.546,0.351562,121,135,134,255
86.646,15:19:32.646,0.308594,125,140,132,249
86.746,15:19:32.746,0.265625,131,139,130,246
86.846,15:19:32.846,0.21875,135,140,127,242
86.946,15:19:32.946,0.207031,143,145,124,238
87.046,15:19:33.046,0.207031,147,149,119,232
87.146,15:19:33.146,0.207031,147,149,119,232
87.246,15:19:33.246,0.242188,80,167,103,208
87.346,15:19:33.346,0.242188,80,167,103,208
87.446,15:19:33.446,0.300781,142,173,94,202
87.546,15:19:33.546,0.3125,184,182,89,192
87.646,15:19:33.646,0.296875,183,189,82,186
87.746,15:19:33.746,0.265625,183,201,78,177
87.846,15:19:33.846,0.214844,189,205,72,171
87.946,15:19:33.946,0.214844,193,205,69,161
88.046,15:19:34.046,0.214844,111,213,58,146
88.146,15:19:34.146,0.214844,111,213,58,146
88.246,15:19:34.246,0.214844,111,213,58,146
88.346,15:19:34.346,0.210938,98,216,49,127
88.446,15:19:34.446,0.210938,98,216,49,127
88.546,15:19:34.546,0.269531,111,205,49,119
88.646,15:19:34.646,0.269531,111,205,49,119
88.746,15:19:34.746,0.300781,142,195,53,108
88.846,15:19:34.846,0.300781,142,195,53,108
88.946,15:19:34.946,0.300781,142,195,53,108
89.046,15:19:35.046,0.207031,185,191,65,83
89.146,15:19:35.146,0.207031,185,191,65,83
89.246,15:19:35.246,0.25,191,191,67,81
89.346,15:19:35.346,0.265625,190,193,69,80
89.446,15:19:35.446,0.265625,181,188,72,80
89.546,15:19:35.546,0.273438,183,181,71,83
89.646,15:19:35.646,0.269531,195,181,71,84
89.746,15:19:35.746,0.269531,195,181,71,84
89.846,15:19:35.846,0.269531,195,181,71,84
89.946,15:19:35.946,0.238281,195,182,70,87
90.046,15:19:36.046,0.238281,195,182,70,87
90.146,15:19:36.146,0.238281,195,182,70,87
90.246,15:19:36.246,0.246094,198,187,64,95
90.346,15:19:36.346,0.269531,195,189,62,98
90.446,15:19:36.446,0.28125,181,129,61,108
90.546,15:19:36.546,0.261719,183,194,62,112
90.646,15:19:36.646,0.230469,188,194,63,114
90.746,15:19:36.746,0.230469,188,194,63,114
90.846,15:19:36.846,0.199219,168,194,66,119
90.946,15:19:36.946,0.199219,168,194,66,119
91.046,15:19:37.046,0.199219,138,195,68,122
91.146,15:19:37.146,0.199219,138,195,68,122
91.246,15:19:37.246,0.199219,138,195,68,122
91.346,15:19:37.346,0.199219,146,197,71,127
91.446,15:19:37.446,0.226562,158,192,74,130
91.546,15:19:37.546,0.226562,158,192,74,130
91.646,15:19:37.646,0.28125,225,189,78,135
91.746,15:19:37.746,0.289062,225,188,81,135
91.846,15:19:37.846,0.289062,225,188,81,135
91.946,15:19:37.946,0.238281,254,183,85,134
92.046,15:19:38.046,0.238281,254,183,85,134
92.146,15:19:38.146,0.207031,251,183,86,133
92.246,15:19:38.246,0.207031,251,183,86,133
92.346,15:19:38.346,0.207031,251,183,86,133
92.446,15:19:38.446,0.226562,260,187,85,128
92.546,15:19:38.546,0.316406,243,189,84,115
92.646,15:19:38.646,0.316406,189,190,82,113
92.746,15:19:38.746,0.316406,189,190,82,113
92.846,15:19:38.846,0.257812,119,199,77,106
92.946,15:19:38.946,0.257812,119,199,77,106
93.046,15:19:39.046,0.242188,140,202,74,106
93.146,15:19:39.146,0.242188,140,202,74,106
93.246,15:19:39.246,0.238281,154,207,72,106
93.346,15:19:39.346,0.238281,154,207,72,106
93.446,15:19:39.446,0.238281,154,207,72,106
93.546,15:19:39.546,0.308594,99,207,56,125
93.646,15:19:39.646,0.308594,99,207,56,125
93.746,15:19:39.746,0.304688,92,181,56,128
93.846,15:19:39.846,0.304688,92,181,56,128
93.946,15:19:39.946,0.289062,102,225,57,132
94.046,15:19:40.046,0.28125,134,224,58,134
94.146,15:19:40.146,0.28125,134,224,58,134
94.246,15:19:40.246,0.277344,144,223,60,137
94.346,15:19:40.346,0.277344,144,223,60,137
94.446,15:19:40.446,0.277344,144,194,65,139
94.546,15:19:40.546,0.296875,131,183,75,140
94.646,15:19:40.646,0.304688,133,205,81,140
94.746,15:19:40.746,0.304688,133,205,81,140
94.846,15:19:40.846,0.308594,148,201,86,140
94.946,15:19:40.946,0.308594,148,201,86,140
95.046,15:19:41.046,0.3125,167,199,90,140
95.146,15:19:41.146,0.3125,167,199,90,140
95.246,15:19:41.246,0.3125,206,193,94,140
95.346,15:19:41.346,0.3125,206,193,94,140
95.446,15:19:41.446,0.3125,207,190,98,141
95.546,15:19:41.546,0.320312,168,188,102,141
95.646,15:19:41.646,0.316406,220,187,104,141
95.746,15:19:41.746,0.316406,200,188,104,142
95.846,15:19:41.846,0.316406,200,188,104,142
95.946,15:19:41.946,0.320312,172,189,105,142
96.046,15:19:42.046,0.328125,196,191,97,143
96.146,15:19:42.146,0.335938,232,194,93,145
96.246,15:19:42.246,0.332031,231,196,92,148
96.346,15:19:42.346,0.324219,231,212,92,148
96.446,15:19:42.446,0.316406,189,221,87,150
96.546,15:19:42.546,0.296875,181,214,75,158
96.646,15:19:42.646,0.296875,181,215,70,164
96.746,15:19:42.746,0.300781,181,215,69,167
96.846,15:19:42.846,0.300781,181,215,69,167
96.946,15:19:42.946,0.3125,171,205,81,190
97.046,15:19:43.046,0.3125,171,205,81,190
97.146,15:19:43.146,0.308594,141,201,84,195
97.246,15:19:43.246,0.308594,141,201,84,195
97.346,15:19:43.346,0.300781,144,193,89,209
97.446,15:19:43.446,0.300781,144,193,89,209
97.546,15:19:43.546,0.292969,160,194,93,216
97.646,15:19:43.646,0.292969,160,194,93,216
97.746,15:19:43.746,0.285156,156,193,99,222
97.846,15:19:43.846,0.285156,156,193,99,222
97.946,15:19:43.946,0.292969,154,187,103,229
98.046,15:19:44.046,0.292969,154,187,103,229
98.146,15:19:44.146,0.320312,138,178,113,252
98.246,15:19:44.246,0.320312,138,178,113,252
98.346,15:19:44.346,0.324219,135,178,113,251
98.446,15:19:44.446,0.339844,121,172,111,199
98.546,15:19:44.546,0.339844,118,172,111,162
98.646,15:19:44.646,0.335938,116,173,109,222
98.746,15:19:44.746,0.328125,113,172,106,262
98.846,15:19:44.846,0.328125,113,172,106,262
98.946,15:19:44.946,0.320312,111,172,105,264
99.046,15:19:45.046,0.320312,111,172,105,264
99.146,15:19:45.146,0.320312,111,172,105,264
99.246,15:19:45.246,0.324219,102,173,101,269
99.346,15:19:45.346,0.328125,100,177,102,273
99.446,15:19:45.446,0.335938,97,171,105,275
99.546,15:19:45.546,0.34375,95,163,106,275
99.646,15:19:45.646,0.347656,92,160,109,276
99.746,15:19:45.746,0.347656,92,160,109,276
99.846,15:19:45.846,0.355469,92,159,112,276
99.946,15:19:45.946,0.355469,92,159,112,276
100.046,15:19:46.046,0.355469,92,156,114,275
100.146,15:19:46.146,0.355469,92,154,118,274
100.246,15:19:46.246,0.359375,92,151,122,274
100.346,15:19:46.346,0.359375,94,149,126,274
100.446,15:19:46.446,0.367188,100,144,131,267
100.546,15:19:46.546,0.367188,100,144,131,267
100.646,15:19:46.646,0.375,110,140,133,256
100.746,15:19:46.746,0.375,110,140,133,256
100.846,15:19:46.846,0.382812,119,140,132,248
100.946,15:19:46.946,0.386719,124,139,131,245
101.046,15:19:47.046,0.386719,124,139,131,245
101.146,15:19:47.146,0.390625,133,139,130,238
101.246,15:19:47.246,0.390625,133,139,130,238
101.346,15:19:47.346,0.390625,135,139,128,234
101.446,15:19:47.446,0.390625,135,139,128,234
101.546,15:19:47.546,0.386719,141,144,125,230
101.646,15:19:47.646,0.386719,146,146,120,232
101.746,15:19:47.746,0.386719,151,150,117,232
101.846,15:19:47.846,0.386719,149,152,114,233
101.946,15:19:47.946,0.382812,148,154,112,234
102.046,15:19:48.046,0.382812,148,154,112,234
102.146,15:19:48.146,0.382812,141,155,109,241
102.246,15:19:48.246,0.382812,137,156,108,249
102.346,15:19:48.346,0.382812,137,156,108,249
102.446,15:19:48.446,0.382812,135,156,108,250
102.546,15:19:48.546,0.382812,135,156,108,250
102.646,15:19:48.646,0.382812,135,156,108,250
102.746,15:19:48.746,0.382812,135,156,108,250
102.846,15:19:48.846,0.398438,59,130,132,260
102.946,15:19:48.946,0.398438,59,130,132,260
103.046,15:19:49.046,0.398438,59,130,132,260
103.146,15:19:49.146,0.390625,67,126,139,227
103.246,15:19:49.246,0.390625,67,126,139,227
103.346,15:19:49.346,0.386719,71,134,142,215
103.446,15:19:49.446,0.386719,71,134,142,215
103.546,15:19:49.546,0.386719,77,127,148,213
103.646,15:19:49.646,0.386719,77,127,148,213
103.746,15:19:49.746,0.386719,114,104,171,203
103.846,15:19:49.846,0.386719,114,104,171,203
103.946,15:19:49.946,0.386719,114,104,171,203
104.046,15:19:50.046,0.398438,148,95,179,203
104.146,15:19:50.146,0.398438,148,95,179,203
104.246,15:19:50.246,0.410156,157,96,181,207
104.346,15:19:50.346,0.410156,157,96,181,207
104.446,15:19:50.446,0.410156,162,98,178,198
104.546,15:19:50.546,0.414062,195,106,168,170
104.646,15:19:50.646,0.414062,195,106,168,170
104.746,15:19:50.746,0.414062,195,106,168,170
104.846,15:19:50.846,0.421875,210,110,163,156
104.946,15:19:50.946,0.421875,210,110,163,156
105.046,15:19:51.046,0.421875,219,110,162,150
105.146,15:19:51.146,0.421875,219,110,162,150
105.246,15:19:51.246,0.421875,226,111,160,143
105.346,15:19:51.346,0.421875,226,111,160,143
105.446,15:19:51.446,0.421875,226,111,160,143
105.546,15:19:51.546,0.421875,226,111,160,143
105.646,15:19:51.646,0.421875,226,111,160,143
105.746,15:19:51.746,0.40625,270,112,161,109
105.846,15:19:51.846,0.40625,270,112,161,109
105.946,15:19:51.946,0.414062,279,112,159,101
106.046,15:19:52.046,0.414062,279,112,159,101
106.146,15:19:52.146,0.429688,285,111,153,91
106.246,15:19:52.246,0.445312,295,109,151,83
106.346,15:19:52.346,0.457031,295,108,154,63
106.446,15:19:52.446,0.457031,295,108,154,63
106.546,15:19:52.546,0.457031,295,108,154,63
106.646,15:19:52.646,0.449219,295,105,142,44
106.746,15:19:52.746,0.441406,295,107,91,31
106.846,15:19:52.846,0.433594,295,115,93,33
106.946,15:19:52.946,0.433594,295,118,101,35
107.046,15:19:53.046,0.433594,295,118,101,35
107.146,15:19:53.146,0.441406,272,122,120,37
107.246,15:19:53.246,0.441406,272,122,120,37
107.346,15:19:53.346,0.441406,258,127,119,42
107.446,15:19:53.446,0.441406,258,127,119,42
107.546,15:19:53.546,0.441406,258,127,119,42
107.646,15:19:53.646,0.421875,188,138,108,59
107.746,15:19:53.746,0.425781,188,142,108,66
107.846,15:19:53.846,0.433594,188,145,108,71
107.946,15:19:53.946,0.4375,188,150,104,76
108.046,15:19:54.046,0.453125,168,152,98,80
108.146,15:19:54.146,0.449219,153,157,92,84
108.246,15:19:54.246,0.445312,148,161,84,87
108.346,15:19:54.346,0.453125,146,167,81,90
108.446,15:19:54.446,0.453125,146,167,81,90
108.546,15:19:54.546,0.46875,143,169,77,90
108.646,15:19:54.646,0.46875,143,169,77,90
108.746,15:19:54.746,0.441406,143,172,77,89
108.846,15:19:54.846,0.441406,143,172,77,89
108.946,15:19:54.946,0.40625,143,172,78,89
109.046,15:19:55.046,0.429688,142,174,76,89
109.146,15:19:55.146,0.480469,142,176,74,88
109.246,15:19:55.246,0.480469,142,176,74,88
109.346,15:19:55.346,0.503906,143,180,74,86
109.446,15:19:55.446,0.503906,143,180,74,86
109.546,15:19:55.546,0.503906,143,180,74,86
109.646,15:19:55.646,0.460938,175,172,84,86
109.746,15:19:55.746,0.460938,175,172,84,86
109.846,15:19:55.846,0.449219,182,172,82,86
109.946,15:19:55.946,0.449219,182,172,82,86
110.046,15:19:56.046,0.453125,181,171,82,87
110.146,15:19:56.146,0.453125,181,171,82,87
110.246,15:19:56.246,0.449219,199,171,84,88
110.346,15:19:56.346,0.445312,256,173,86,89
110.446,15:19:56.446,0.453125,249,175,88,92
110.546,15:19:56.546,0.460938,172,175,90,93
110.646,15:19:56.646,0.5,176,135,88,92
110.746,15:19:56.746,0.503906,175,160,88,92
110.846,15:19:56.846,0.503906,175,160,88,92
110.946,15:19:56.946,0.503906,175,160,88,92
111.046,15:19:57.046,0.46875,135,182,93,101
111.146,15:19:57.146,0.460938,133,181,96,106
111.246,15:19:57.246,0.460938,133,181,96,106
111.346,15:19:57.346,0.480469,168,169,106,132
111.446,15:19:57.446,0.480469,168,169,106,132
111.546,15:19:57.546,0.480469,163,166,111,140
111.646,15:19:57.646,0.480469,163,166,111,140
111.746,15:19:57.746,0.488281,161,163,114,146
111.846,15:19:57.846,0.488281,161,163,114,146
111.946,15:19:57.946,0.488281,159,163,119,150
112.046,15:19:58.046,0.488281,159,163,119,150
112.146,15:19:58.146,0.492188,161,165,128,162
112.246,15:19:58.246,0.492188,161,165,128,162
112.346,15:19:58.346,0.480469,164,153,132,168
112.446,15:19:58.446,0.480469,164,153,132,168
112.546,15:19:58.546,0.464844,166,148,138,172
112.646,15:19:58.646,0.46875,168,144,141,178
112.746,15:19:58.746,0.472656,172,140,145,183
112.846,15:19:58.846,0.472656,172,140,145,183
112.946,15:19:58.946,0.480469,176,137,149,186
113.046,15:19:59.046,0.480469,176,137,149,186
113.146,15:19:59.146,0.492188,176,134,154,189
113.246,15:19:59.246,0.492188,176,134,154,189
113.346,15:19:59.346,0.503906,176,131,153,192
113.446,15:19:59.446,0.515625,175,129,152,194
113.546,15:19:59.546,0.53125,174,124,155,196
113.646,15:19:59.646,0.535156,170,127,155,202
113.746,15:19:59.746,0.535156,170,127,155,202
113.846,15:19:59.846,0.535156,170,132,155,197
113.946,15:19:59.946,0.535156,170,132,155,197
114.046,15:20:0.046,0.53125,177,128,156,197
114.146,15:20:0.146,0.527344,177,123,156,203
114.246,15:20:0.246,0.527344,168,128,156,204
114.346,15:20:0.346,0.511719,169,127,157,197
114.446,15:20:0.446,0.511719,172,130,156,178
114.546,15:20:0.546,0.507812,181,133,156,172
114.646,15:20:0.646,0.527344,185,130,157,172
114.746,15:20:0.746,0.527344,185,130,157,172
114.846,15:20:0.846,0.515625,185,126,157,175
114.946,15:20:0.946,0.515625,185,126,157,175
115.046,15:20:1.046,0.511719,183,127,157,177
115.146,15:20:1.146,0.511719,183,127,157,177
115.246,15:20:1.246,0.539062,188,136,157,182
115.346,15:20:1.346,0.546875,190,142,155,180
115.446,15:20:1.446,0.546875,190,142,155,180
115.546,15:20:1.546,0.546875,189,138,150,180
115.646,15:20:1.646,0.546875,189,138,150,180
115.746,15:20:1.746,0.542969,196,143,144,179
115.846,15:20:1.846,0.542969,196,143,144,179
115.946,15:20:1.946,0.542969,208,142,141,179
116.046,15:20:2.046,0.542969,208,142,141,179
116.146,15:20:2.146,0.542969,202,142,138,180
116.246,15:20:2.246,0.539062,194,146,136,180
116.346,15:20:2.346,0.539062,194,146,136,180
116.446,15:20:2.446,0.542969,158,164,117,192
116.546,15:20:2.546,0.542969,159,172,113,195
116.646,15:20:2.646,0.539062,157,173,111,200
116.746,15:20:2.746,0.542969,154,169,111,204
116.846,15:20:2.846,0.542969,154,169,111,204
116.946,15:20:2.946,0.542969,159,168,111,212
117.046,15:20:3.046,0.542969,159,168,111,212
117.146,15:20:3.146,0.535156,145,171,117,231
117.246,15:20:3.246,0.523438,137,170,120,237
117.346,15:20:3.346,0.507812,132,166,122,245
117.446,15:20:3.446,0.5,125,150,125,251
117.546,15:20:3.546,0.5,121,105,127,256
117.646,15:20:3.646,0.5,121,105,127,256
117.746,15:20:3.746,0.507812,113,103,130,260
117.846,15:20:3.846,0.507812,113,103,130,260
117.946,15:20:3.946,0.519531,109,139,132,228
118.046,15:20:4.046,0.519531,109,139,132,228
118.146,15:20:4.146,0.515625,103,152,134,208
118.246,15:20:4.246,0.507812,100,152,133,221
118.346,15:20:4.346,0.515625,94,152,133,230
118.446,15:20:4.446,0.539062,91,153,132,230
118.546,15:20:4.546,0.539062,91,153,132,230
118.646,15:20:4.646,0.5625,89,157,132,281
118.746,15:20:4.746,0.5625,89,157,132,281
118.846,15:20:4.846,0.570312,90,146,132,283
118.946,15:20:4.946,0.578125,92,143,134,283
119.046,15:20:5.046,0.578125,92,143,134,283
119.146,15:20:5.146,0.578125,101,135,135,263
119.246,15:20:5.246,0.570312,103,129,137,221
119.346,15:20:5.346,0.570312,103,126,141,203
119.446,15:20:5.446,0.566406,105,122,144,191
119.546,15:20:5.546,0.5625,111,118,149,191
119.646,15:20:5.646,0.5625,114,114,152,201
119.746,15:20:5.746,0.5625,117,109,158,198
119.846,15:20:5.846,0.5625,120,107,165,179
119.946,15:20:5.946,0.558594,125,104,170,170
120.046,15:20:6.046,0.558594,125,104,170,170
120.146,15:20:6.146,0.546875,135,90,180,152
120.246,15:20:6.246,0.546875,135,90,180,152
120.346,15:20:6.346,0.546875,139,87,183,148
120.446,15:20:6.446,0.550781,143,86,186,142
120.546,15:20:6.546,0.554688,149,85,188,147
120.646,15:20:6.646,0.550781,163,88,187,165
120.746,15:20:6.746,0.554688,170,92,186,174
120.846,15:20:6.846,0.554688,175,95,184,188
120.946,15:20:6.946,0.554688,175,95,184,188
121.046,15:20:7.046,0.558594,183,93,183,172
121.146,15:20:7.146,0.558594,183,93,183,172
121.246,15:20:7.246,0.558594,183,93,183,172
121.346,15:20:7.346,0.558594,183,93,183,172
121.446,15:20:7.446,0.566406,201,93,173,155
121.546,15:20:7.546,0.566406,201,93,173,155
121.646,15:20:7.646,0.5625,215,96,170,143
121.746,15:20:7.746,0.554688,224,98,169,137
121.846,15:20:7.846,0.554688,224,98,169,137
121.946,15:20:7.946,0.550781,237,99,165,125
122.046,15:20:8.046,0.546875,246,103,162,116
122.146,15:20:8.146,0.546875,246,103,162,116
122.246,15:20:8.246,0.546875,246,103,162,116
122.346,15:20:8.346,0.5625,255,105,158,109
122.446,15:20:8.446,0.5625,258,106,156,107
122.546,15:20:8.546,0.558594,260,109,154,105
122.646,15:20:8.646,0.550781,266,113,146,103
122.746,15:20:8.746,0.546875,266,115,140,103
122.846,15:20:8.846,0.542969,266,118,137,104
122.946,15:20:8.946,0.542969,267,121,132,106
123.046,15:20:9.046,0.542969,267,121,132,106
123.146,15:20:9.146,0.542969,267,121,132,106
123.246,15:20:9.246,0.542969,267,121,132,106
123.346,15:20:9.346,0.53125,260,131,123,119
123.446,15:20:9.446,0.523438,247,135,121,129
123.546,15:20:9.546,0.523438,247,135,121,129
123.646,15:20:9.646,0.535156,229,143,120,149
123.746,15:20:9.746,0.535156,229,143,120,149
123.846,15:20:9.846,0.539062,225,143,120,152
123.946,15:20:9.946,0.539062,225,143,120,152
124.046,15:20:10.046,0.542969,222,144,120,158
124.146,15:20:10.146,0.542969,222,144,120,158
124.246,15:20:10.246,0.542969,222,144,120,158
124.346,15:20:10.346,0.554688,212,144,124,167
124.446,15:20:10.446,0.554688,212,144,124,167
124.546,15:20:10.546,0.542969,199,142,131,178
124.646,15:20:10.646,0.542969,199,142,131,178
124.746,15:20:10.746,0.542969,187,136,140,188
124.846,15:20:10.846,0.542969,187,136,140,188
124.946,15:20:10.946,0.542969,187,136,140,188
125.046,15:20:11.046,0.542969,187,136,140,188
125.146,15:20:11.146,0.550781,173,99,155,200
125.246,15:20:11.246,0.550781,163,117,161,206
125.346,15:20:11.346,0.5625,161,115,162,209
125.446,15:20:11.446,0.5625,161,115,162,209
125.546,15:20:11.546,0.5625,161,115,162,209
125.646,15:20:11.646,0.609375,154,115,160,213
125.746,15:20:11.746,0.609375,154,115,160,213
125.846,15:20:11.846,0.609375,154,115,160,213
125.946,15:20:11.946,0.597656,150,116,158,196
126.046,15:20:12.046,0.597656,150,116,158,196
126.146,15:20:12.146,0.597656,150,116,158,196
126.246,15:20:12.246,0.597656,150,116,158,196
126.346,15:20:12.346,0.59375,154,121,158,213
126.446,15:20:12.446,0.59375,162,124,158,212
126.546,15:20:12.546,0.59375,162,124,158,212
126.646,15:20:12.646,0.59375,157,117,154,203
126.746,15:20:12.746,0.59375,157,117,154,203
126.846,15:20:12.846,0.578125,171,119,154,189
126.946,15:20:12.946,0.578125,171,119,154,189
127.046,15:20:13.046,0.570312,173,122,154,185
127.146,15:20:13.146,0.570312,173,122,154,185
127.246,15:20:13.246,0.574219,178,123,154,183
127.346,15:20:13.346,0.574219,178,123,154,183
127.446,15:20:13.446,0.578125,182,122,153,178
127.546,15:20:13.546,0.578125,182,122,153,178
127.646,15:20:13.646,0.582031,185,122,153,175
127.746,15:20:13.746,0.582031,185,122,153,175
127.846,15:20:13.846,0.582031,185,122,153,175
127.946,15:20:13.946,0.5625,211,124,147,149
128.046,15:20:14.046,0.5625,211,124,147,149
128.146,15:20:14.146,0.558594,213,122,145,147
128.246,15:20:14.246,0.558594,213,122,145,147
128.346,15:20:14.346,0.550781,217,131,141,145
128.446,15:20:14.446,0.539062,222,142,136,149
128.546,15:20:14.546,0.539062,222,142,136,149
128.646,15:20:14.646,0.539062,222,144,132,152
128.746,15:20:14.746,0.539062,222,144,132,152
128.846,15:20:14.846,0.542969,221,149,130,153
128.946,15:20:14.946,0.542969,221,149,130,153
129.046,15:20:15.046,0.542969,221,149,130,153
129.146,15:20:15.146,0.542969,209,161,117,168
129.246,15:20:15.246,0.542969,209,161,117,168
129.346,15:20:15.346,0.542969,209,161,117,168
129.446,15:20:15.446,0.542969,196,163,109,184
129.546,15:20:15.546,0.542969,196,163,109,184
129.646,15:20:15.646,0.542969,196,163,109,184
129.746,15:20:15.746,0.542969,196,163,109,184
129.846,15:20:15.846,0.542969,196,163,109,184
129.946,15:20:15.946,0.542969,196,163,109,184
130.046,15:20:16.046,0.542969,145,159,125,234
130.146,15:20:16.146,0.535156,138,153,131,248
130.246,15:20:16.246,0.535156,138,153,131,248
130.346,15:20:16.346,0.519531,112,108,143,216
130.446,15:20:16.446,0.519531,112,108,143,216
130.546,15:20:16.546,0.523438,106,104,149,228
130.646,15:20:16.646,0.523438,106,104,149,228
130.746,15:20:16.746,0.527344,97,118,151,216
130.846,15:20:16.846,0.527344,97,118,151,216
130.946,15:20:16.946,0.535156,89,120,151,199
131.046,15:20:17.046,0.535156,89,120,151,199
131.146,15:20:17.146,0.535156,89,120,151,199
131.246,15:20:17.246,0.550781,66,92,165,196
131.346,15:20:17.346,0.550781,66,87,171,195
131.446,15:20:17.446,0.550781,67,81,174,190
131.546,15:20:17.546,0.546875,70,77,180,187
131.646,15:20:17.646,0.546875,70,77,180,187
131.746,15:20:17.746,0.535156,79,72,189,174
131.846,15:20:17.846,0.535156,79,72,189,174
131.946,15:20:17.946,0.527344,84,69,192,165
132.046,15:20:18.046,0.527344,100,72,196,164
132.146,15:20:18.146,0.535156,119,77,193,171
132.246,15:20:18.246,0.535156,119,77,193,171
132.346,15:20:18.346,0.550781,140,87,186,199
132.446,15:20:18.446,0.550781,140,87,186,199
132.546,15:20:18.546,0.558594,151,90,181,203
132.646,15:20:18.646,0.558594,151,90,181,203
132.746,15:20:18.746,0.554688,157,96,177,197
132.846,15:20:18.846,0.554688,157,96,177,197
132.946,15:20:18.946,0.554688,157,96,177,197
133.046,15:20:19.046,0.550781,171,104,168,185
133.146,15:20:19.146,0.550781,171,104,168,185
133.246,15:20:19.246,0.550781,177,107,163,182
133.346,15:20:19.346,0.550781,181,113,159,179
133.446,15:20:19.446,0.550781,184,114,155,177
133.546,15:20:19.546,0.550781,186,117,150,176
133.646,15:20:19.646,0.550781,185,123,143,176
133.746,15:20:19.746,0.539062,185,125,141,177
133.846,15:20:19.846,0.53125,184,127,138,180
133.946,15:20:19.946,0.53125,184,127,138,180
134.046,15:20:20.046,0.546875,183,131,136,182
134.146,15:20:20.146,0.546875,183,131,136,182
134.246,15:20:20.246,0.542969,171,139,124,196
134.346,15:20:20.346,0.558594,159,146,120,211
134.446,15:20:20.446,0.558594,159,146,120,211
134.546,15:20:20.546,0.558594,159,146,120,211
134.646,15:20:20.646,0.574219,142,151,120,230
134.746,15:20:20.746,0.574219,142,151,120,230
134.846,15:20:20.846,0.578125,137,155,119,238
134.946,15:20:20.946,0.578125,137,155,119,238
135.046,15:20:21.046,0.578125,137,155,119,238
135.146,15:20:21.146,0.578125,137,155,119,238
135.246,15:20:21.246,0.578125,137,155,119,238
135.346,15:20:21.346,0.5625,93,167,110,252
135.446,15:20:21.446,0.5625,93,167,110,252
135.546,15:20:21.546,0.550781,64,163,114,298
135.646,15:20:21.646,0.550781,64,163,114,298
135.746,15:20:21.746,0.546875,53,161,118,298
135.846,15:20:21.846,0.546875,53,161,118,298
135.946,15:20:21.946,0.546875,53,161,118,298
136.046,15:20:22.046,0.550781,38,151,124,298
136.146,15:20:22.146,0.554688,30,120,137,157
136.246,15:20:22.246,0.554688,32,121,144,157
136.346,15:20:22.346,0.554688,32,121,144,157
136.446,15:20:22.446,0.550781,60,75,157,233
136.546,15:20:22.546,0.550781,60,75,157,233
136.646,15:20:22.646,0.550781,72,86,164,284
136.746,15:20:22.746,0.546875,119,100,178,235
136.846,15:20:22.846,0.570312,137,99,181,219
136.946,15:20:22.946,0.570312,137,99,181,219
137.046,15:20:23.046,0.570312,143,100,181,210
137.146,15:20:23.146,0.570312,143,100,181,210
137.246,15:20:23.246,0.570312,150,101,181,205
137.346,15:20:23.346,0.570312,150,101,181,205
137.446,15:20:23.446,0.570312,154,103,181,200
137.546,15:20:23.546,0.570312,154,103,181,200
137.646,15:20:23.646,0.570312,154,103,181,200
137.746,15:20:23.746,0.570312,154,103,181,200
137.846,15:20:23.846,0.570312,160,102,177,198
137.946,15:20:23.946,0.570312,160,102,177,198
138.046,15:20:24.046,0.570312,160,102,177,198
138.146,15:20:24.146,0.570312,158,102,174,203
138.246,15:20:24.246,0.570312,158,102,174,203
138.346,15:20:24.346,0.570312,158,102,174,203
138.446,15:20:24.446,0.570312,158,102,174,203
138.546,15:20:24.546,0.570312,149,107,160,217
138.646,15:20:24.646,0.574219,142,113,155,228
138.746,15:20:24.746,0.585938,127,118,152,242
138.846,15:20:24.846,0.585938,127,118,152,242
138.946,15:20:24.946,0.585938,127,118,152,242
139.046,15:20:25.046,0.589844,111,125,142,262
139.146,15:20:25.146,0.589844,111,125,142,262
139.246,15:20:25.246,0.589844,106,130,148,265
139.346,15:20:25.346,0.589844,106,130,148,265
139.446,15:20:25.446,0.582031,95,130,146,273
139.546,15:20:25.546,0.578125,91,130,145,278
139.646,15:20:25.646,0.578125,87,130,145,280
139.746,15:20:25.746,0.578125,87,130,145,280
139.846,15:20:25.846,0.578125,83,130,145,284
139.946,15:20:25.946,0.578125,83,130,145,284
140.046,15:20:26.046,0.578125,77,130,144,218
140.146,15:20:26.146,0.578125,77,130,144,218
140.246,15:20:26.246,0.585938,75,130,142,119
140.346,15:20:26.346,0.585938,75,130,142,119
140.446,15:20:26.446,0.585938,74,130,141,118
140.546,15:20:26.546,0.585938,74,130,141,118
140.646,15:20:26.646,0.589844,76,129,141,118
140.746,15:20:26.746,0.589844,76,129,141,118
140.846,15:20:26.846,0.589844,78,128,141,115
140.946,15:20:26.946,0.589844,82,127,141,113
141.046,15:20:27.046,0.589844,82,127,141,113
141.146,15:20:27.146,0.597656,108,126,143,254
141.246,15:20:27.246,0.59375,114,126,145,244
141.346,15:20:27.346,0.59375,114,126,145,244
141.446,15:20:27.446,0.59375,121,126,148,238
141.546,15:20:27.546,0.59375,121,126,148,238
141.646,15:20:27.646,0.59375,126,128,149,229
141.746,15:20:27.746,0.59375,126,128,149,229
141.846,15:20:27.846,0.597656,133,127,152,224
141.946,15:20:27.946,0.597656,139,127,152,216
142.046,15:20:28.046,0.59375,146,127,153,212
142.146,15:20:28.146,0.59375,146,127,153,212
142.246,15:20:28.246,0.589844,174,124,154,187
142.346,15:20:28.346,0.589844,174,124,154,187
142.446,15:20:28.446,0.582031,181,122,152,183
142.546,15:20:28.546,0.582031,181,122,152,183
142.646,15:20:28.646,0.585938,186,120,151,177
142.746,15:20:28.746,0.585938,186,120,151,177
142.846,15:20:28.846,0.585938,192,119,150,172
142.946,15:20:28.946,0.585938,192,119,150,172
143.046,15:20:29.046,0.589844,196,118,149,165
143.146,15:20:29.146,0.585938,203,117,149,160
143.246,15:20:29.246,0.589844,208,116,147,154
143.346,15:20:29.346,0.589844,217,118,147,149
143.446,15:20:29.446,0.59375,222,120,146,141
143.546,15:20:29.546,0.589844,230,117,146,136
143.646,15:20:29.646,0.59375,235,115,146,127
143.746,15:20:29.746,0.59375,235,115,146,127
143.846,15:20:29.846,0.597656,244,116,147,122
143.946,15:20:29.946,0.597656,244,116,147,122
144.046,15:20:30.046,0.597656,249,118,147,114
144.146,15:20:30.146,0.597656,249,118,147,114
144.246,15:20:30.246,0.589844,256,118,148,109
144.346,15:20:30.346,0.589844,256,118,148,109
144.446,15:20:30.446,0.613281,292,96,141,75
144.546,15:20:30.546,0.613281,292,96,141,75
144.646,15:20:30.646,0.613281,292,96,141,75
144.746,15:20:30.746,0.578125,296,106,139,70
144.846,15:20:30.846,0.574219,290,113,138,73
144.946,15:20:30.946,0.578125,256,139,125,117
145.046,15:20:31.046,0.578125,256,139,125,117
145.146,15:20:31.146,0.570312,249,142,123,122
145.246,15:20:31.246,0.570312,249,142,123,122
145.346,15:20:31.346,0.566406,245,145,121,127
145.446,15:20:31.446,0.566406,245,145,121,127
145.546,15:20:31.546,0.5625,242,146,116,131
145.646,15:20:31.646,0.558594,240,147,114,134
145.746,15:20:31.746,0.550781,238,148,112,136
145.846,15:20:31.846,0.550781,238,149,111,135
145.946,15:20:31.946,0.554688,238,150,111,135
146.046,15:20:32.046,0.554688,238,150,111,135
146.146,15:20:32.146,0.554688,238,150,111,135
146.246,15:20:32.246,0.554688,242,156,109,129
146.346,15:20:32.346,0.554688,242,156,109,129
146.446,15:20:32.446,0.558594,244,155,108,128
146.546,15:20:32.546,0.558594,244,155,108,128
146.646,15:20:32.646,0.566406,246,154,105,125
146.746,15:20:32.746,0.566406,246,154,105,125
146.846,15:20:32.846,0.570312,248,154,102,124
146.946,15:20:32.946,0.570312,250,155,101,121
147.046,15:20:33.046,0.570312,250,155,101,121
147.146,15:20:33.146,0.570312,252,155,101,119
147.246,15:20:33.246,0.570312,252,155,101,119
147.346,15:20:33.346,0.570312,255,155,101,116
147.446,15:20:33.446,0.570312,255,155,101,116
147.546,15:20:33.546,0.570312,255,155,101,116
147.646,15:20:33.646,0.570312,266,148,106,104
147.746,15:20:33.746,0.550781,272,143,110,98
147.846,15:20:33.846,0.554688,275,141,113,96
147.946,15:20:33.946,0.5625,277,140,114,93
148.046,15:20:34.046,0.585938,277,135,120,89
148.146,15:20:34.146,0.585938,277,135,120,89
148.246,15:20:34.246,0.589844,276,135,122,89
148.346,15:20:34.346,0.589844,276,135,122,89
148.446,15:20:34.446,0.585938,272,133,124,93
148.546,15:20:34.546,0.585938,272,133,124,93
148.646,15:20:34.646,0.585938,251,139,128,113
148.746,15:20:34.746,0.566406,219,139,133,146
148.846,15:20:34.846,0.566406,219,139,133,146
148.946,15:20:34.946,0.5625,204,141,130,159
149.046,15:20:35.046,0.5625,204,141,130,159
149.146,15:20:35.146,0.5625,204,141,130,159
149.246,15:20:35.246,0.558594,198,142,130,167
149.346,15:20:35.346,0.558594,198,142,130,167
149.446,15:20:35.446,0.542969,186,144,127,181
149.546,15:20:35.546,0.542969,186,144,127,181
149.646,15:20:35.646,0.550781,179,147,126,186
149.746,15:20:35.746,0.550781,179,147,126,186
149.846,15:20:35.846,0.554688,173,148,125,195
149.946,15:20:35.946,0.554688,173,148,125,195
150.046,15:20:36.046,0.558594,166,150,124,200
150.146,15:20:36.146,0.558594,166,150,124,200
150.246,15:20:36.246,0.558594,160,152,123,208
150.346,15:20:36.346,0.558594,160,152,123,208
150.446,15:20:36.446,0.558594,160,152,123,208
150.546,15:20:36.546,0.558594,160,152,123,208
150.646,15:20:36.646,0.5625,140,133,120,227
150.746,15:20:36.746,0.5625,140,133,120,227
150.846,15:20:36.846,0.554688,118,165,120,246
150.946,15:20:36.946,0.554688,113,157,120,254
151.046,15:20:37.046,0.554688,104,156,119,260
151.146,15:20:37.146,0.554688,104,156,119,260
151.246,15:20:37.246,0.542969,74,131,126,285
151.346,15:20:37.346,0.542969,74,131,126,285
151.446,15:20:37.446,0.546875,68,128,127,289
151.546,15:20:37.546,0.546875,68,128,127,289
151.646,15:20:37.646,0.550781,60,127,129,293
151.746,15:20:37.746,0.550781,60,127,129,293
151.846,15:20:37.846,0.558594,56,127,131,293
151.946,15:20:37.946,0.5625,53,124,134,293
152.046,15:20:38.046,0.5625,56,121,136,124
152.146,15:20:38.146,0.5625,56,121,136,124
152.246,15:20:38.246,0.5625,56,121,136,124
152.346,15:20:38.346,0.5625,56,121,136,124
152.446,15:20:38.446,0.570312,92,113,146,254
152.546,15:20:38.546,0.578125,101,114,149,254
152.646,15:20:38.646,0.578125,101,114,149,254
152.746,15:20:38.746,0.578125,107,116,152,245
152.846,15:20:38.846,0.578125,107,116,152,245
152.946,15:20:38.946,0.578125,117,119,155,239
153.046,15:20:39.046,0.578125,117,119,155,239
153.146,15:20:39.146,0.582031,124,121,153,231
153.246,15:20:39.246,0.585938,133,120,152,226
153.346,15:20:39.346,0.585938,139,120,153,219
153.446,15:20:39.446,0.585938,139,120,153,219
153.546,15:20:39.546,0.585938,147,121,154,215
153.646,15:20:39.646,0.585938,147,121,154,215
153.746,15:20:39.746,0.589844,151,122,152,211
153.846,15:20:39.846,0.589844,151,122,152,211
153.946,15:20:39.946,0.589844,156,126,152,209
154.046,15:20:40.046,0.589844,156,126,152,209
154.146,15:20:40.146,0.589844,159,129,152,206
154.246,15:20:40.246,0.585938,162,125,153,204
154.346,15:20:40.346,0.585938,162,123,152,203
154.446,15:20:40.446,0.585938,162,123,152,203
154.546,15:20:40.546,0.582031,163,112,152,203
154.646,15:20:40.646,0.582031,163,112,152,203
154.746,15:20:40.746,0.574219,163,120,151,203
154.846,15:20:40.846,0.5625,164,120,151,203
154.946,15:20:40.946,0.5625,164,120,151,203
155.046,15:20:41.046,0.5625,164,120,151,203
155.146,15:20:41.146,0.566406,164,120,150,203
155.246,15:20:41.246,0.566406,164,120,150,203
155.346,15:20:41.346,0.566406,164,120,150,203
155.446,15:20:41.446,0.566406,164,120,150,203
155.546,15:20:41.546,0.566406,164,120,150,203
155.646,15:20:41.646,0.621094,168,121,148,201
155.746,15:20:41.746,0.621094,168,121,145,201
155.846,15:20:41.846,0.609375,170,121,143,200
155.946,15:20:41.946,0.59375,174,122,141,199
156.046,15:20:42.046,0.59375,174,124,141,199
156.146,15:20:42.146,0.59375,174,124,141,199
156.246,15:20:42.246,0.59375,175,127,140,197
156.346,15:20:42.346,0.59375,175,127,140,197
156.446,15:20:42.446,0.597656,176,128,138,197
156.546,15:20:42.546,0.597656,176,128,138,197
156.646,15:20:42.646,0.605469,178,131,137,179
156.746,15:20:42.746,0.605469,178,131,137,179
156.846,15:20:42.846,0.601562,180,126,132,181
156.946,15:20:42.946,0.601562,180,126,132,181
157.046,15:20:43.046,0.597656,183,128,130,191
157.146,15:20:43.146,0.597656,183,128,130,191
157.246,15:20:43.246,0.601562,186,137,129,186
157.346,15:20:43.346,0.601562,186,137,129,186
157.446,15:20:43.446,0.601562,186,137,129,186
157.546,15:20:43.546,0.601562,186,137,129,186
157.646,15:20:43.646,0.621094,198,153,120,176
157.746,15:20:43.746,0.621094,198,153,120,176
157.846,15:20:43.846,0.625,201,155,117,176
157.946,15:20:43.946,0.625,201,155,117,176
158.046,15:20:44.046,0.613281,203,159,114,168
158.146,15:20:44.146,0.613281,203,159,114,168
158.246,15:20:44.246,0.621094,230,183,83,140
158.346,15:20:44.346,0.621094,230,183,83,140
158.446,15:20:44.446,0.597656,240,182,77,122
158.546,15:20:44.546,0.597656,240,182,77,122
158.646,15:20:44.646,0.570312,250,177,79,119
158.746,15:20:44.746,0.5625,252,174,85,116
158.846,15:20:44.846,0.5625,255,167,89,114
158.946,15:20:44.946,0.5625,255,167,89,114
159.046,15:20:45.046,0.550781,266,145,114,110
159.146,15:20:45.146,0.550781,266,145,114,110
159.246,15:20:45.246,0.546875,265,139,120,110
159.346,15:20:45.346,0.539062,248,122,138,114
159.446,15:20:45.446,0.539062,248,122,138,114
159.546,15:20:45.546,0.542969,238,114,147,123
159.646,15:20:45.646,0.542969,238,114,147,123
159.746,15:20:45.746,0.542969,233,110,151,130
159.846,15:20:45.846,0.542969,226,105,154,134
159.946,15:20:45.946,0.539062,220,103,157,142
160.046,15:20:46.046,0.539062,220,103,157,142
160.146,15:20:46.146,0.523438,213,100,161,146
160.246,15:20:46.246,0.523438,213,100,161,146
160.346,15:20:46.346,0.496094,208,98,164,154
160.446,15:20:46.446,0.496094,208,98,164,154
160.546,15:20:46.546,0.496094,208,98,164,154
160.646,15:20:46.646,0.453125,201,98,166,158
160.746,15:20:46.746,0.453125,201,98,166,158
160.846,15:20:46.846,0.394531,196,98,170,166
160.946,15:20:46.946,0.339844,190,98,172,172
161.046,15:20:47.046,0.210938,185,99,172,182
161.146,15:20:47.146,0.210938,178,102,175,187
161.246,15:20:47.246,0.210938,173,103,184,196
161.346,15:20:47.346,0.210938,173,103,184,196
161.446,15:20:47.446,0.210938,167,103,187,201
161.546,15:20:47.546,0.210938,167,103,187,201
161.646,15:20:47.646,0.210938,159,106,184,209
161.746,15:20:47.746,0.210938,159,106,184,209
161.846,15:20:47.846,0.210938,155,115,183,213
161.946,15:20:47.946,0.210938,155,115,183,213
162.046,15:20:48.046,0.222656,149,119,183,217
162.146,15:20:48.146,0.222656,149,119,183,217
162.246,15:20:48.246,0.332031,145,122,180,223
162.346,15:20:48.346,0.332031,145,122,180,223
162.446,15:20:48.446,0.464844,134,131,170,231
162.546,15:20:48.546,0.507812,127,129,167,235
162.646,15:20:48.646,0.527344,123,115,165,240
162.746,15:20:48.746,0.527344,117,110,164,244
162.846,15:20:48.846,0.503906,114,110,162,250
162.946,15:20:48.946,0.457031,111,110,161,254
163.046,15:20:49.046,0.457031,111,110,161,254
163.146,15:20:49.146,0.457031,111,110,161,254
163.246,15:20:49.246,0.230469,102,107,158,250
163.346,15:20:49.346,0.230469,102,107,158,250
163.446,15:20:49.446,0.230469,103,112,158,266
163.546,15:20:49.546,0.230469,103,112,158,266
163.646,15:20:49.646,0.230469,99,104,156,273
163.746,15:20:49.746,0.230469,99,104,156,273
163.846,15:20:49.846,0.230469,99,109,157,268
163.946,15:20:49.946,0.230469,99,117,166,253
164.046,15:20:50.046,0.230469,97,115,181,249
164.146,15:20:50.146,0.230469,97,113,170,252
164.246,15:20:50.246,0.226562,97,111,154,254
164.346,15:20:50.346,0.226562,98,110,157,256
164.446,15:20:50.446,0.214844,98,109,163,256
164.546,15:20:50.546,0.226562,98,108,156,256
164.646,15:20:50.646,0.230469,98,112,152,255
164.746,15:20:50.746,0.230469,98,116,150,254
164.846,15:20:50.846,0.230469,98,119,150,261
164.946,15:20:50.946,0.234375,98,122,157,285
165.046,15:20:51.046,0.230469,98,123,163,285
165.146,15:20:51.146,0.234375,99,125,155,261
165.246,15:20:51.246,0.234375,99,125,150,262
165.346,15:20:51.346,0.234375,99,126,148,286
165.446,15:20:51.446,0.234375,100,118,148,278
165.546,15:20:51.546,0.234375,101,114,148,255
165.646,15:20:51.646,0.234375,103,120,150,251
165.746,15:20:51.746,0.234375,103,120,150,251
165.846,15:20:51.846,0.234375,103,114,149,253
165.946,15:20:51.946,0.234375,103,114,149,253
166.046,15:20:52.046,0.234375,104,122,149,252
166.146,15:20:52.146,0.234375,106,128,149,251
166.246,15:20:52.246,0.234375,106,128,149,251
166.346,15:20:52.346,0.234375,106,128,149,250
166.446,15:20:52.446,0.234375,106,130,149,250
166.546,15:20:52.546,0.234375,106,130,149,250
166.646,15:20:52.646,0.234375,107,130,148,250
166.746,15:20:52.746,0.234375,107,130,144,250
166.846,15:20:52.846,0.234375,108,132,147,249
166.946,15:20:52.946,0.234375,106,132,160,248
167.046,15:20:53.046,0.234375,104,132,162,248
167.146,15:20:53.146,0.234375,104,132,153,248
167.246,15:20:53.246,0.234375,105,133,154,246
167.346,15:20:53.346,0.234375,103,134,163,246
167.446,15:20:53.446,0.234375,103,134,167,245
167.546,15:20:53.546,0.234375,103,130,167,245
167.646,15:20:53.646,0.234375,103,121,167,244
167.746,15:20:53.746,0.234375,103,118,168,244
167.846,15:20:53.846,0.234375,104,118,164,243
167.946,15:20:53.946,0.234375,103,119,157,243
168.046,15:20:54.046,0.234375,103,121,156,244
168.146,15:20:54.146,0.234375,103,125,155,245
168.246,15:20:54.246,0.234375,103,132,155,243
168.346,15:20:54.346,0.234375,103,131,155,242
168.446,15:20:54.446,0.234375,103,131,155,242
168.546,15:20:54.546,0.234375,102,131,157,242
168.646,15:20:54.646,0.234375,102,131,157,265
168.746,15:20:54.746,0.234375,102,132,158,273
168.846,15:20:54.846,0.234375,104,134,157,249
168.946,15:20:54.946,0.234375,107,133,156,240
169.046,15:20:55.046,0.234375,108,133,156,240
169.146,15:20:55.146,0.234375,108,133,156,240
169.246,15:20:55.246,0.234375,114,128,159,239
169.346,15:20:55.346,0.234375,120,130,161,238
169.446,15:20:55.446,0.234375,124,135,159,238
169.546,15:20:55.546,0.234375,127,133,156,237
169.646,15:20:55.646,0.234375,127,133,156,237
169.746,15:20:55.746,0.234375,121,134,157,237
169.846,15:20:55.846,0.234375,121,135,158,237
169.946,15:20:55.946,0.234375,129,133,159,237
170.046,15:20:56.046,0.234375,124,132,157,237
170.146,15:20:56.146,0.234375,100,132,156,236
170.246,15:20:56.246,0.234375,89,132,156,236
170.346,15:20:56.346,0.234375,82,132,156,236
170.446,15:20:56.446,0.234375,82,132,156,236
170.546,15:20:56.546,0.234375,79,123,156,237
170.646,15:20:56.646,0.234375,45,124,156,238
170.746,15:20:56.746,0.234375,59,128,155,238
170.846,15:20:56.846,0.234375,81,130,155,238
170.946,15:20:56.946,0.234375,80,132,162,239
171.046,15:20:57.046,0.234375,80,132,162,239
171.146,15:20:57.146,0.234375,80,129,166,238
171.246,15:20:57.246,0.234375,80,128,166,238
171.346,15:20:57.346,0.234375,80,129,160,238
171.446,15:20:57.446,0.234375,80,129,142,239
171.546,15:20:57.546,0.234375,81,128,140,239
171.646,15:20:57.646,0.234375,81,126,141,238
171.746,15:20:57.746,0.230469,80,126,141,238
171.846,15:20:57.846,0.230469,80,126,141,238
171.946,15:20:57.946,0.210938,80,127,143,239
172.046,15:20:58.046,0.210938,80,128,146,242
172.146,15:20:58.146,0.210938,80,128,146,242
172.246,15:20:58.246,0.210938,80,128,146,242
172.346,15:20:58.346,0.210938,80,128,146,242
172.446,15:20:58.446,0.210938,80,128,146,242
172.546,15:20:58.546,0.210938,80,128,146,242
172.646,15:20:58.646,0.585938,26,65,47,260
172.746,15:20:58.746,0.585938,26,65,47,260
172.846,15:20:58.846,0.617188,25,65,49,260
172.946,15:20:58.946,0.617188,25,65,49,260
173.046,15:20:59.046,0.644531,25,63,52,261
173.146,15:20:59.146,0.648438,26,61,52,261
173.246,15:20:59.246,0.644531,31,58,53,261
173.346,15:20:59.346,0.675781,35,55,52,261
173.446,15:20:59.446,0.6875,37,53,51,261
173.546,15:20:59.546,0.6875,37,53,51,261
173.646,15:20:59.646,0.695312,40,50,51,261
173.746,15:20:59.746,0.695312,40,50,51,261
173.846,15:20:59.846,0.71875,46,49,52,261
173.946,15:20:59.946,0.71875,46,49,52,261
174.046,15:21:0.046,0.730469,47,48,51,261
174.146,15:21:0.146,0.730469,47,48,51,261
174.246,15:21:0.246,0.738281,45,46,50,261
174.346,15:21:0.346,0.753906,43,45,43,261
174.446,15:21:0.446,0.777344,37,43,34,261
174.546,15:21:0.546,0.789062,35,41,28,261
174.646,15:21:0.646,0.785156,35,39,25,200
174.746,15:21:0.746,0.804688,34,39,29,83
174.846,15:21:0.846,0.792969,34,148,33,42
174.946,15:21:0.946,0.792969,34,148,33,42
175.046,15:21:1.046,0.8125,33,222,35,36
175.146,15:21:1.146,0.8125,33,222,35,36
175.246,15:21:1.246,0.828125,32,153,37,35
175.346,15:21:1.346,0.855469,30,108,32,35
175.446,15:21:1.446,0.910156,28,131,30,42
175.546,15:21:1.546,0.847656,26,147,34,51
175.646,15:21:1.646,0.789062,23,164,38,56
175.746,15:21:1.746,0.789062,23,164,38,56
175.846,15:21:1.846,0.777344,25,173,69,68
175.946,15:21:1.946,0.78125,24,172,69,74
176.046,15:21:2.046,0.914062,23,139,69,77
176.146,15:21:2.146,1.257812,22,118,47,83
176.246,15:21:2.246,1.296875,22,118,41,73
176.346,15:21:2.346,1.296875,22,119,65,60
176.446,15:21:2.446,1.296875,22,119,65,60
176.546,15:21:2.546,1.296875,22,126,46,75
176.646,15:21:2.646,1.128906,22,144,33,99
176.746,15:21:2.746,1.007812,23,144,33,105
176.846,15:21:2.846,0.933594,23,131,36,115
176.946,15:21:2.946,0.910156,23,95,37,114
177.046,15:21:3.046,0.910156,23,95,37,114
177.146,15:21:3.146,0.808594,24,76,40,114
177.246,15:21:3.246,0.796875,23,73,43,114
177.346,15:21:3.346,0.796875,23,73,43,114
177.446,15:21:3.446,0.8125,23,70,43,115
177.546,15:21:3.546,0.878906,27,240,41,101
177.646,15:21:3.646,0.890625,32,252,36,91
177.746,15:21:3.746,1.296875,36,162,39,161
177.846,15:21:3.846,1.296875,40,129,45,209
177.946,15:21:3.946,0.726562,43,126,47,186
178.046,15:21:4.046,0.726562,43,126,47,186
178.146,15:21:4.146,0.320312,43,77,54,147
178.246,15:21:4.246,0.320312,42,85,59,131
178.346,15:21:4.346,0.320312,42,85,59,131
178.446,15:21:4.446,0.320312,42,98,56,141
178.546,15:21:4.546,0.320312,43,90,52,149
178.646,15:21:4.646,0.320312,44,78,50,120
178.746,15:21:4.746,0.320312,45,88,47,99
178.846,15:21:4.846,0.320312,45,79,45,94
178.946,15:21:4.946,0.320312,44,42,45,93
179.046,15:21:5.046,0.320312,44,42,45,93
179.146,15:21:5.146,0.320312,44,88,41,92
179.246,15:21:5.246,0.320312,44,68,36,92
179.346,15:21:5.346,0.320312,44,68,36,92
179.446,15:21:5.446,0.320312,44,39,39,92
179.546,15:21:5.546,0.222656,45,66,45,89
179.646,15:21:5.646,0.222656,45,40,45,89
179.746,15:21:5.746,0.222656,45,24,45,89
179.846,15:21:5.846,0.222656,48,49,45,89
179.946,15:21:5.946,0.222656,49,67,45,89
180.046,15:21:6.046,0.222656,49,67,45,89
180.146,15:21:6.146,0.222656,49,87,45,89
180.246,15:21:6.246,0.222656,49,75,45,89
180.346,15:21:6.346,0.222656,51,65,46,88
180.446,15:21:6.446,0.222656,42,50,49,72
180.546,15:21:6.546,0.222656,43,37,62,51
180.646,15:21:6.646,0.222656,43,37,62,51
180.746,15:21:6.746,0.222656,45,34,71,51
180.846,15:21:6.846,0.222656,45,34,71,51
180.946,15:21:6.946,0.222656,38,31,71,51
181.046,15:21:7.046,0.222656,38,31,71,51
181.146,15:21:7.146,0.222656,38,31,71,51
181.246,15:21:7.246,0.222656,28,28,71,51
181.346,15:21:7.346,0.222656,28,28,71,51
181.446,15:21:7.446,0.222656,28,28,71,51
181.546,15:21:7.546,0.222656,26,61,71,51
181.646,15:21:7.646,0.21875,23,43,71,51
181.746,15:21:7.746,0.210938,32,44,71,51
181.846,15:21:7.846,0.207031,46,62,70,50
181.946,15:21:7.946,0.214844,31,62,68,50
182.046,15:21:8.046,0.214844,31,62,68,50
182.146,15:21:8.146,0.222656,37,41,51,83
182.246,15:21:8.246,0.222656,49,41,46,62
182.346,15:21:8.346,0.222656,49,41,46,62
182.446,15:21:8.446,0.21875,49,41,44,65
182.546,15:21:8.546,0.222656,49,41,44,77
182.646,15:21:8.646,0.21875,49,41,44,78
182.746,15:21:8.746,0.21875,42,41,44,79
182.846,15:21:8.846,0.222656,38,41,44,79
182.946,15:21:8.946,0.222656,38,51,44,79
183.046,15:21:9.046,0.222656,38,68,44,79
183.146,15:21:9.146,0.21875,28,51,45,80
183.246,15:21:9.246,0.21875,22,27,54,62
183.346,15:21:9.346,0.21875,22,27,54,62
183.446,15:21:9.446,0.222656,22,44,59,51
183.546,15:21:9.546,0.222656,37,43,46,51
183.646,15:21:9.646,0.222656,47,42,55,50
183.746,15:21:9.746,0.222656,47,42,69,49
183.846,15:21:9.846,0.222656,47,42,68,49
183.946,15:21:9.946,0.222656,47,33,68,49
184.046,15:21:10.046,0.222656,47,33,68,49
184.146,15:21:10.146,0.222656,49,21,66,49
184.246,15:21:10.246,0.222656,50,21,65,49
184.346,15:21:10.346,0.222656,50,21,65,49
184.446,15:21:10.446,0.222656,49,22,65,89
184.546,15:21:10.546,0.222656,46,21,65,87
184.646,15:21:10.646,0.222656,47,21,65,51
184.746,15:21:10.746,0.222656,53,40,66,39
184.846,15:21:10.846,0.222656,49,54,66,40
184.946,15:21:10.946,0.222656,31,46,66,42
185.046,15:21:11.046,0.222656,30,42,66,45
185.146,15:21:11.146,0.222656,46,36,66,45
185.246,15:21:11.246,0.222656,48,33,66,41
185.346,15:21:11.346,0.21875,42,32,66,38
185.446,15:21:11.446,0.21875,42,32,52,37
